PERIOD ID,PERIOD NAME,periodcode,FACILITY,POSITIVE MALARIA CASES 
202201,22-Jan,202201,GITA,378
202201,22-Jan,202201,WANGANGA,204
202201,22-Jan,202201,NYAKACH,667
202201,22-Jan,202201,MUHORONI,137
202201,22-Jan,202201,NYAHERA,890
202201,22-Jan,202201,CHULAIMBO,401
202201,22-Jan,202201,MANYUANDA,167
202201,22-Jan,202201,LUMUMBA,101
202201,22-Jan,202201,SONDU,233
202201,22-Jan,202201,KATITO,324
202201,22-Jan,202201,KCRH,145
202201,22-Jan,202201,KANYAKWAR,256
202201,22-Jan,202201,MIGOSI,908
202201,22-Jan,202201,KANYAGWAL,543
202201,22-Jan,202201,NYANGANDE,398
202201,22-Jan,202201,KOMBEWA,256
202201,22-Jan,202201,ST. ELIZABETH,112
202201,22-Jan,202201,ANGOLA,201
202201,22-Jan,202201,AVENUE,143
202201,22-Jan,202201,RACHAR,205
202201,22-Jan,202201,RABUOR,432
202201,22-Jan,202201,AHERO,306
202201,22-Jan,202201,BOLO,389
202201,22-Jan,202201,ABISALOM,222
202201,22-Jan,202201,MIRANGA,105
202201,22-Jan,202201,PIVOT,45
202201,22-Jan,202201,HOUSE OF HOPE,239
202201,22-Jan,202201,DUNGA,159
202201,22-Jan,202201,CHIGA,432
202201,22-Jan,202201,AWASI MISSION,123
202201,22-Jan,202201,JOOTRH,876
202201,22-Jan,202201,KADONGO,432
202201,22-Jan,202201,ST JAIRUS,345
202201,22-Jan,202201,NYANGOMA,123
202201,22-Jan,202201,RATA,178
202201,22-Jan,202201,MAMA PILISTA,345
202201,22-Jan,202201,OBER KAMOTH,236
202201,22-Jan,202201,NYAKONGO,267
202201,22-Jan,202201,SEME,234
202201,22-Jan,202201,KISUMU CENTRAL SUB COUNTY,114
202201,22-Jan,202201,KISUMU EAST SUB COUNTY,125
202101,21-Jan,202101,GITA,126
202101,21-Jan,202101,WANGANGA,134
202101,21-Jan,202101,NYAKACH,298
202101,21-Jan,202101,MUHORONI,403
202101,21-Jan,202101,NYAHERA,900
202101,21-Jan,202101,CHULAIMBO,224
202101,21-Jan,202101,MANYUANDA,213
202101,21-Jan,202101,LUMUMBA,245
202101,21-Jan,202101,SONDU,116
202101,21-Jan,202101,KATITO,189
202101,21-Jan,202101,KCRH,329
202101,21-Jan,202101,KANYAKWAR,349
202101,21-Jan,202101,MIGOSI,567
202101,21-Jan,202101,KANYAGWAR,345
202101,21-Jan,202101,NYANGANDE,234
202101,21-Jan,202101,KOMBEWA,178
202101,21-Jan,202101,ST. ELIZABETH,189
202101,21-Jan,202101,ANGOLA,459
202101,21-Jan,202101,AVENUE,356
202101,21-Jan,202101,RACHAR,224
202101,21-Jan,202101,AHERO,339
202101,21-Jan,202101,BOLO,456
202101,21-Jan,202101,ABISALOM,367
202101,21-Jan,202101,MIRANGA,189
202101,21-Jan,202101,PIVOT,278
202101,21-Jan,202101,HOUSE OF HOPE,100
202101,21-Jan,202101,DUNGA,173
202101,21-Jan,202101,CHIGA,215
202101,21-Jan,202101,AWASI MISSION,659
202101,21-Jan,202101,JOOTRH,762
202101,21-Jan,202101,KADONGO,843
202101,21-Jan,202101,ST JAIRUS,282
202101,21-Jan,202101,NYANGOMA,597
202101,21-Jan,202101,RATA,909
202101,21-Jan,202101,MAMA PILISTA,148
202101,21-Jan,202101,OBER KAMOTH,630
202101,21-Jan,202101,NYAKONGO,912
202101,21-Jan,202101,SEME,251
202101,21-Jan,202101,KISUMU CENTRAL SUB COUNTY,167
202101,21-Jan,202101,KISUMU EAST SUB COUNTY,104
202102,21-Feb,202102,GITA,159
202102,21-Feb,202102,WANGANGA,369
202102,21-Feb,202102,NYAKACH,358
202102,21-Feb,202102,MUHORONI,737
202102,21-Feb,202102,NYAHERA,273
202102,21-Feb,202102,CHULAIMBO,768
202102,21-Feb,202102,MANYUANDA,171
202102,21-Feb,202102,LUMUMBA,185
202102,21-Feb,202102,SONDU,950
202102,21-Feb,202102,KATITO,417
202102,21-Feb,202102,KCRH,344
202102,21-Feb,202102,KANYAKWAR,312
202102,21-Feb,202102,MIGOSI,495
202102,21-Feb,202102,KANYAGWAR,449
202102,21-Feb,202102,NYANGANDE,190
202102,21-Feb,202102,KOMBEWA,132
202102,21-Feb,202102,ST. ELIZABETH,217
202102,21-Feb,202102,ANGOLA,252
202102,21-Feb,202102,AVENUE,272
202102,21-Feb,202102,RACHAR,142
202102,21-Feb,202102,AHERO,412
202102,21-Feb,202102,BOLO,330
202102,21-Feb,202102,ABISALOM,389
202102,21-Feb,202102,MIRANGA,179
202102,21-Feb,202102,PIVOT,252
202102,21-Feb,202102,HOUSE OF HOPE,128
202102,21-Feb,202102,DUNGA,230
202102,21-Feb,202102,CHIGA,214
202102,21-Feb,202102,AWASI MISSION,913
202102,21-Feb,202102,JOOTRH,730
202102,21-Feb,202102,KADONGO,176
202102,21-Feb,202102,ST JAIRUS,251
202102,21-Feb,202102,NYANGOMA,784
202102,21-Feb,202102,RATA,947
202102,21-Feb,202102,MAMA PILISTA,138
202102,21-Feb,202102,OBER KAMOTH,170
202102,21-Feb,202102,NYAKONGO,129
202102,21-Feb,202102,SEME,255
202102,21-Feb,202102,KISUMU CENTRAL SUB COUNTY,183
202102,21-Feb,202102,KISUMU EAST SUB COUNTY,940
202103,21-Mar,202103,GITA,233
202103,21-Mar,202103,WANGANGA,258
202103,21-Mar,202103,NYAKACH,346
202103,21-Mar,202103,MUHORONI,214
202103,21-Mar,202103,NYAHERA,278
202103,21-Mar,202103,CHULAIMBO,116
202103,21-Mar,202103,MANYUANDA,136
202103,21-Mar,202103,LUMUMBA,2331
202103,21-Mar,202103,SONDU,788
202103,21-Mar,202103,KATITO,554
202103,21-Mar,202103,KCRH,428
202103,21-Mar,202103,KANYAKWAR,313
202103,21-Mar,202103,MIGOSI,683
202103,21-Mar,202103,KANYAGWAR,861
202103,21-Mar,202103,NYANGANDE,209
202103,21-Mar,202103,KOMBEWA,239
202103,21-Mar,202103,ST. ELIZABETH,374
202103,21-Mar,202103,ANGOLA,244
202103,21-Mar,202103,AVENUE,325
202103,21-Mar,202103,RACHAR,150
202103,21-Mar,202103,AHERO,411
202103,21-Mar,202103,BOLO,288
202103,21-Mar,202103,ABISALOM,460
202103,21-Mar,202103,MIRANGA,220
202103,21-Mar,202103,PIVOT,272
202103,21-Mar,202103,HOUSE OF HOPE,317
202103,21-Mar,202103,DUNGA,394
202103,21-Mar,202103,CHIGA,186
202103,21-Mar,202103,AWASI MISSION,103
202103,21-Mar,202103,JOOTRH,723
202103,21-Mar,202103,KADONGO,200
202103,21-Mar,202103,ST JAIRUS,222
202103,21-Mar,202103,NYANGOMA,101
202103,21-Mar,202103,RATA,121
202103,21-Mar,202103,MAMA PILISTA,140
202103,21-Mar,202103,OBER KAMOTH,207
202103,21-Mar,202103,NYAKONGO,212
202103,21-Mar,202103,SEME,659
202103,21-Mar,202103,KISUMU CENTRAL SUB COUNTY,168
202103,21-Mar,202103,KISUMU EAST SUB COUNTY,109
202104,21-Apr,202104,GITA,184
202104,21-Apr,202104,WANGANGA,233
202104,21-Apr,202104,NYAKACH,288
202104,21-Apr,202104,MUHORONI,146
202104,21-Apr,202104,NYAHERA,186
202104,21-Apr,202104,CHULAIMBO,762
202104,21-Apr,202104,MANYUANDA,175
202104,21-Apr,202104,LUMUMBA,142
202104,21-Apr,202104,SONDU,734
202104,21-Apr,202104,KATITO,337
202104,21-Apr,202104,KCRH,371
202104,21-Apr,202104,KANYAKWAR,234
202104,21-Apr,202104,MIGOSI,422
202104,21-Apr,202104,KANYAGWAR,600
202104,21-Apr,202104,NYANGANDE,150
202104,21-Apr,202104,KOMBEWA,183
202104,21-Apr,202104,ST. ELIZABETH,249
202104,21-Apr,202104,ANGOLA,174
202104,21-Apr,202104,AVENUE,254
202104,21-Apr,202104,RACHAR,100
202104,21-Apr,202104,AHERO,284
202104,21-Apr,202104,BOLO,190
202104,21-Apr,202104,ABISALOM,447
202104,21-Apr,202104,MIRANGA,172
202104,21-Apr,202104,PIVOT,235
202104,21-Apr,202104,HOUSE OF HOPE,309
202104,21-Apr,202104,DUNGA,266
202104,21-Apr,202104,CHIGA,113
202104,21-Apr,202104,AWASI MISSION,816
202104,21-Apr,202104,JOOTRH,482
202104,21-Apr,202104,KADONGO,152
202104,21-Apr,202104,ST JAIRUS,221
202104,21-Apr,202104,NYANGOMA,849
202104,21-Apr,202104,RATA,754
202104,21-Apr,202104,MAMA PILISTA,822
202104,21-Apr,202104,OBER KAMOTH,163
202104,21-Apr,202104,NYAKONGO,151
202104,21-Apr,202104,SEME,604
202104,21-Apr,202104,KISUMU CENTRAL SUB COUNTY,119
202104,21-Apr,202104,KISUMU EAST SUB COUNTY,758
202105,21-May,202105,GITA,213
202105,21-May,202105,WANGANGA,220
202105,21-May,202105,NYAKACH,303
202105,21-May,202105,MUHORONI,171
202105,21-May,202105,NYAHERA,169
202105,21-May,202105,CHULAIMBO,961
202105,21-May,202105,MANYUANDA,182
202105,21-May,202105,LUMUMBA,135
202105,21-May,202105,SONDU,922
202105,21-May,202105,KATITO,361
202105,21-May,202105,KCRH,470
202105,21-May,202105,KANYAKWAR,612
202105,21-May,202105,MIGOSI,492
202105,21-May,202105,KANYAGWAR,840
202105,21-May,202105,NYANGANDE,295
202105,21-May,202105,KOMBEWA,886
202105,21-May,202105,ST. ELIZABETH,336
202105,21-May,202105,ANGOLA,189
202105,21-May,202105,AVENUE,363
202105,21-May,202105,RACHAR,318
202105,21-May,202105,AHERO,372
202105,21-May,202105,BOLO,217
202105,21-May,202105,ABISALOM,562
202105,21-May,202105,MIRANGA,877
202105,21-May,202105,PIVOT,212
202105,21-May,202105,HOUSE OF HOPE,267
202105,21-May,202105,DUNGA,390
202105,21-May,202105,CHIGA,423
202105,21-May,202105,AWASI MISSION,961
202105,21-May,202105,JOOTRH,518
202105,21-May,202105,KADONGO,320
202105,21-May,202105,ST JAIRUS,220
202105,21-May,202105,NYANGOMA,888
202105,21-May,202105,RATA,664
202105,21-May,202105,MAMA PILISTA,882
202105,21-May,202105,OBER KAMOTH,210
202105,21-May,202105,NYAKONGO,222
202105,21-May,202105,SEME,783
202105,21-May,202105,KISUMU CENTRAL SUB COUNTY,235
202105,21-May,202105,KISUMU EAST SUB COUNTY,993
202106,21-Jun,202106,GITA,705
202106,21-Jun,202106,WANGANGA,428
202106,21-Jun,202106,NYAKACH,888
202106,21-Jun,202106,MUHORONI,743
202106,21-Jun,202106,NYAHERA,581
202106,21-Jun,202106,CHULAIMBO,922
202106,21-Jun,202106,MANYUANDA,769
202106,21-Jun,202106,LUMUMBA,234
202106,21-Jun,202106,SONDU,398
202106,21-Jun,202106,KATITO,353
202106,21-Jun,202106,KCRH,586
202106,21-Jun,202106,KANYAKWAR,933
202106,21-Jun,202106,MIGOSI,428
202106,21-Jun,202106,KANYAGWAR,663
202106,21-Jun,202106,NYANGANDE,414
202106,21-Jun,202106,KOMBEWA,325
202106,21-Jun,202106,ST. ELIZABETH,334
202106,21-Jun,202106,ANGOLA,745
202106,21-Jun,202106,AVENUE,584
202106,21-Jun,202106,RACHAR,357
202106,21-Jun,202106,BOLO,633
202106,21-Jun,202106,AHERO,338
202106,21-Jun,202106,BOLO,966
202106,21-Jun,202106,ABISALOM,565
202106,21-Jun,202106,MIRANGA,613
202106,21-Jun,202106,PIVOT,756
202106,21-Jun,202106,HOUSE OF HOPE,245
202106,21-Jun,202106,DUNGA,532
202106,21-Jun,202106,CHIGA,205
202106,21-Jun,202106,AWASI MISSION,921
202106,21-Jun,202106,JOOTRH,682
202106,21-Jun,202106,KADONGO,771
202106,21-Jun,202106,ST JAIRUS,295
202106,21-Jun,202106,NYANGOMA,779
202106,21-Jun,202106,RATA,881
202106,21-Jun,202106,MAMA PILISTA,821
202106,21-Jun,202106,OBER KAMOTH,231
202106,21-Jun,202106,NYAKONGO,561
202106,21-Jun,202106,SEME,802
202106,21-Jun,202106,KISUMU CENTRAL SUB COUNTY,429
202106,21-Jun,202106,KISUMU EAST SUB COUNTY,662
202107,21-Jul,202107,GITA,387
202107,21-Jul,202107,WANGANGA,375
202107,21-Jul,202107,NYAKACH,237
202107,21-Jul,202107,MUHORONI,576
202107,21-Jul,202107,NYAHERA,992
202107,21-Jul,202107,CHULAIMBO,783
202107,21-Jul,202107,MANYUANDA,722
202107,21-Jul,202107,LUMUMBA,813
202107,21-Jul,202107,SONDU,850
202107,21-Jul,202107,KATITO,986
202107,21-Jul,202107,KCRH,333
202107,21-Jul,202107,KANYAKWAR,258
202107,21-Jul,202107,MIGOSI,440
202107,21-Jul,202107,KANYAGWAR,871
202107,21-Jul,202107,NYANGANDE,567
202107,21-Jul,202107,KOMBEWA,145
202107,21-Jul,202107,ST. ELIZABETH,432
202107,21-Jul,202107,ANGOLA,696
202107,21-Jul,202107,AVENUE,274
202107,21-Jul,202107,RACHAR,407
202107,21-Jul,202107,AHERO,275
202107,21-Jul,202107,BOLO,165
202107,21-Jul,202107,ABISALOM,428
202107,21-Jul,202107,MIRANGA,174
202107,21-Jul,202107,PIVOT,421
202107,21-Jul,202107,HOUSE OF HOPE,307
202107,21-Jul,202107,DUNGA,452
202107,21-Jul,202107,CHIGA,338
202107,21-Jul,202107,AWASI MISSION,786
202107,21-Jul,202107,JOOTRH,567
202107,21-Jul,202107,KADONGO,234
202107,21-Jul,202107,ST JAIRUS,180
202107,21-Jul,202107,NYANGOMA,841
202107,21-Jul,202107,RATA,814
202107,21-Jul,202107,MAMA PILISTA,900
202107,21-Jul,202107,OBER KAMOTH,171
202107,21-Jul,202107,NYAKONGO,189
202107,21-Jul,202107,SEME,117
202107,21-Jul,202107,KISUMU CENTRAL SUB COUNTY,765
202107,21-Jul,202107,KISUMU EAST SUB COUNTY,599
202108,21-Aug,202108,GITA,246
202108,21-Aug,202108,WANGANGA,268
202108,21-Aug,202108,NYAKACH,290
202108,21-Aug,202108,MUHORONI,548
202108,21-Aug,202108,NYAHERA,158
202108,21-Aug,202108,CHULAIMBO,117
202108,21-Aug,202108,MANYUANDA,199
202108,21-Aug,202108,LUMUMBA,217
202108,21-Aug,202108,SONDU,884
202108,21-Aug,202108,KATITO,298
202108,21-Aug,202108,KCRH,329
202108,21-Aug,202108,KANYAKWAR,282
202108,21-Aug,202108,MIGOSI,534
202108,21-Aug,202108,KANYAGWAR,453
202108,21-Aug,202108,NYANGANDE,235
202108,21-Aug,202108,KOMBEWA,250
202108,21-Aug,202108,ST. ELIZABETH,306
202108,21-Aug,202108,ANGOLA,205
202108,21-Aug,202108,AVENUE,340
202108,21-Aug,202108,RACHAR,796
202108,21-Aug,202108,AHERO,266
202108,21-Aug,202108,BOLO,212
202108,21-Aug,202108,ABISALOM,449
202108,21-Aug,202108,MIRANGA,212
202108,21-Aug,202108,PIVOT,212
202108,21-Aug,202108,HOUSE OF HOPE,411
202108,21-Aug,202108,DUNGA,431
202108,21-Aug,202108,CHIGA,612
202108,21-Aug,202108,AWASI MISSION,574
202108,21-Aug,202108,JOOTRH,661
202108,21-Aug,202108,KADONGO,239
202108,21-Aug,202108,ST JAIRUS,202
202108,21-Aug,202108,NYANGOMA,213
202108,21-Aug,202108,RATA,944
202108,21-Aug,202108,MAMA PILISTA,973
202108,21-Aug,202108,OBER KAMOTH,234
202108,21-Aug,202108,NYAKONGO,283
202108,21-Aug,202108,SEME,349
202108,21-Aug,202108,KISUMU CENTRAL SUB COUNTY,187
202108,21-Aug,202108,KISUMU EAST SUB COUNTY,851
202109,21-Sep,202109,GITA,241
202109,21-Sep,202109,WANGANGA,230
202109,21-Sep,202109,NYAKACH,261
202109,21-Sep,202109,MUHORONI,346
202109,21-Sep,202109,NYAHERA,166
202109,21-Sep,202109,CHULAIMBO,112
202109,21-Sep,202109,MANYUANDA,278
202109,21-Sep,202109,LUMUMBA,237
202109,21-Sep,202109,SONDU,925
202109,21-Sep,202109,KATITO,348
202109,21-Sep,202109,KCRH,314
202109,21-Sep,202109,KANYAKWAR,235
202109,21-Sep,202109,MIGOSI,560
202109,21-Sep,202109,KANYAGWAR,467
202109,21-Sep,202109,NYANGANDE,445
202109,21-Sep,202109,KOMBEWA,257
202109,21-Sep,202109,ST. ELIZABETH,367
202109,21-Sep,202109,ANGOLA,239
202109,21-Sep,202109,AVENUE,331
202109,21-Sep,202109,RACHAR,445
202109,21-Sep,202109,AHERO,289
202109,21-Sep,202109,BOLO,231
202109,21-Sep,202109,ABISALOM,441
202109,21-Sep,202109,MIRANGA,238
202109,21-Sep,202109,PIVOT,345
202109,21-Sep,202109,HOUSE OF HOPE,375
202109,21-Sep,202109,DUNGA,310
202109,21-Sep,202109,CHIGA,133
202109,21-Sep,202109,AWASI MISSION,316
202109,21-Sep,202109,JOOTRH,613
202109,21-Sep,202109,KADONGO,552
202109,21-Sep,202109,ST JAIRUS,230
202109,21-Sep,202109,NYANGOMA,270
202109,21-Sep,202109,RATA,964
202109,21-Sep,202109,MAMA PILISTA,778
202109,21-Sep,202109,OBER KAMOTH,456
202109,21-Sep,202109,NYAKONGO,497
202109,21-Sep,202109,SEME,714
202109,21-Sep,202109,KISUMU CENTRAL SUB COUNTY,126
202109,21-Sep,202109,KISUMU EAST SUB COUNTY,951
202110,21-Oct,202110,GITA,228
202110,21-Oct,202110,WANGANGA,385
202110,21-Oct,202110,NYAKACH,211
202110,21-Oct,202110,MUHORONI,664
202110,21-Oct,202110,NYAHERA,468
202110,21-Oct,202110,CHULAIMBO,580
202110,21-Oct,202110,MANYUANDA,234
202110,21-Oct,202110,LUMUMBA,234
202110,21-Oct,202110,SONDU,891
202110,21-Oct,202110,KATITO,334
202110,21-Oct,202110,KCRH,278
202110,21-Oct,202110,KANYAKWAR,432
202110,21-Oct,202110,MIGOSI,536
202110,21-Oct,202110,KANYAGWAR,670
202110,21-Oct,202110,NYANGANDE,147
202110,21-Oct,202110,KOMBEWA,223
202110,21-Oct,202110,ST. ELIZABETH,236
202110,21-Oct,202110,ANGOLA,190
202110,21-Oct,202110,AVENUE,251
202110,21-Oct,202110,RACHAR,141
202110,21-Oct,202110,AHERO,332
202110,21-Oct,202110,BOLO,212
202110,21-Oct,202110,ABISALOM,450
202110,21-Oct,202110,MIRANGA,126
202110,21-Oct,202110,PIVOT,346
202110,21-Oct,202110,HOUSE OF HOPE,265
202110,21-Oct,202110,DUNGA,343
202110,21-Oct,202110,CHIGA,125
202110,21-Oct,202110,AWASI MISSION,349
202110,21-Oct,202110,JOOTRH,498
202110,21-Oct,202110,KADONGO,323
202110,21-Oct,202110,ST JAIRUS,207
202110,21-Oct,202110,NYANGOMA,909
202110,21-Oct,202110,RATA,718
202110,21-Oct,202110,MAMA PILISTA,114
202110,21-Oct,202110,OBER KAMOTH,204
202110,21-Oct,202110,NYAKONGO,148
202110,21-Oct,202110,SEME,886
202110,21-Oct,202110,KISUMU CENTRAL SUB COUNTY,257
202110,21-Oct,202110,KISUMU EAST SUB COUNTY,812
202111,21-Nov,202111,GITA,262
202111,21-Nov,202111,WANGANGA,300
202111,21-Nov,202111,NYAKACH,238
202111,21-Nov,202111,MUHORONI,186
202111,21-Nov,202111,NYAHERA,210
202111,21-Nov,202111,CHULAIMBO,967
202111,21-Nov,202111,MANYUANDA,246
202111,21-Nov,202111,LUMUMBA,187
202111,21-Nov,202111,SONDU,115
202111,21-Nov,202111,KATITO,352
202111,21-Nov,202111,KCRH,358
202111,21-Nov,202111,KANYAKWAR,344
202111,21-Nov,202111,MIGOSI,349
202111,21-Nov,202111,KANYAGWAR,126
202111,21-Nov,202111,NYANGANDE,235
202111,21-Nov,202111,KOMBEWA,323
202111,21-Nov,202111,ST. ELIZABETH,268
202111,21-Nov,202111,ANGOLA,241
202111,21-Nov,202111,AVENUE,355
202111,21-Nov,202111,RACHAR,345
202111,21-Nov,202111,AHERO,335
202111,21-Nov,202111,BOLO,249
202111,21-Nov,202111,ABISALOM,494
202111,21-Nov,202111,MIRANGA,156
202111,21-Nov,202111,PIVOT,211
202111,21-Nov,202111,HOUSE OF HOPE,298
202111,21-Nov,202111,DUNGA,410
202111,21-Nov,202111,CHIGA,235
202111,21-Nov,202111,AWASI MISSION,224
202111,21-Nov,202111,JOOTRH,612
202111,21-Nov,202111,KADONGO,235
202111,21-Nov,202111,ST JAIRUS,232
202111,21-Nov,202111,NYANGOMA,883
202111,21-Nov,202111,RATA,456
202111,21-Nov,202111,MAMA PILISTA,346
202111,21-Nov,202111,OBER KAMOTH,247
202111,21-Nov,202111,NYAKONGO,308
202111,21-Nov,202111,SEME,832
202111,21-Nov,202111,KISUMU CENTRAL SUB COUNTY,210
202111,21-Nov,202111,KISUMU EAST SUB COUNTY,567
202112,21-Dec,202112,GITA,213
202112,21-Dec,202112,WANGANGA,313
202112,21-Dec,202112,NYAKACH,294
202112,21-Dec,202112,MUHORONI,638
202112,21-Dec,202112,NYAHERA,765
202112,21-Dec,202112,CHULAIMBO,806
202112,21-Dec,202112,MANYUANDA,354
202112,21-Dec,202112,LUMUMBA,657
202112,21-Dec,202112,SONDU,545
202112,21-Dec,202112,KATITO,284
202112,21-Dec,202112,KCRH,273
202112,21-Dec,202112,KANYAKWAR,260
202112,21-Dec,202112,MIGOSI,345
202112,21-Dec,202112,KANYAGWAR,169
202112,21-Dec,202112,NYANGANDE,578
202112,21-Dec,202112,KOMBEWA,471
202112,21-Dec,202112,ST. ELIZABETH,485
202112,21-Dec,202112,ANGOLA,214
202112,21-Dec,202112,AVENUE,611
202112,21-Dec,202112,RACHAR,554
202112,21-Dec,202112,AHERO,286
202112,21-Dec,202112,BOLO,234
202112,21-Dec,202112,ABISALOM,457
202112,21-Dec,202112,MIRANGA,753
202112,21-Dec,202112,PIVOT,205
202112,21-Dec,202112,HOUSE OF HOPE,124
202112,21-Dec,202112,DUNGA,339
202112,21-Dec,202112,CHIGA,124
202112,21-Dec,202112,AWASI MISSION,230
202112,21-Dec,202112,JOOTRH,446
202112,21-Dec,202112,KADONGO,345
202112,21-Dec,202112,ST JAIRUS,429
202112,21-Dec,202112,NYANGOMA,123
202112,21-Dec,202112,RATA,334
202112,21-Dec,202112,MAMA PILISTA,489
202112,21-Dec,202112,OBER KAMOTH,235
202112,21-Dec,202112,NYAKONGO,483
202112,21-Dec,202112,SEME,708
202112,21-Dec,202112,KISUMU CENTRAL SUB COUNTY,178
202112,21-Dec,202112,KISUMU EAST SUB COUNTY,346
202001,20-Jan,202001,GITA,227
202001,20-Jan,202001,WANGANGA,267
202001,20-Jan,202001,NYAKACH,246
202001,20-Jan,202001,MUHORONI,273
202001,20-Jan,202001,NYAHERA,177
202001,20-Jan,202001,CHULAIMBO,122
202001,20-Jan,202001,MANYUANDA,236
202001,20-Jan,202001,LUMUMBA,226
202001,20-Jan,202001,SONDU,117
202001,20-Jan,202001,KATITO,435
202001,20-Jan,202001,KCRH,418
202001,20-Jan,202001,KANYAKWAR,272
202001,20-Jan,202001,MIGOSI,567
202001,20-Jan,202001,KANYAGWAR,417
202001,20-Jan,202001,NYANGANDE,304
202001,20-Jan,202001,KOMBEWA,235
202001,20-Jan,202001,ST. ELIZABETH,276
202001,20-Jan,202001,ANGOLA,346
202001,20-Jan,202001,AVENUE,246
202001,20-Jan,202001,RACHAR,346
202001,20-Jan,202001,AHERO,600
202001,20-Jan,202001,BOLO,335
202001,20-Jan,202001,ABISALOM,345
202001,20-Jan,202001,MIRANGA,210
202001,20-Jan,202001,PIVOT,373
202001,20-Jan,202001,HOUSE OF HOPE,206
202001,20-Jan,202001,DUNGA,246
202001,20-Jan,202001,CHIGA,231
202001,20-Jan,202001,AWASI MISSION,239
202001,20-Jan,202001,JOOTRH,456
202001,20-Jan,202001,KADONGO,343
202001,20-Jan,202001,ST JAIRUS,265
202001,20-Jan,202001,NYANGOMA,983
202001,20-Jan,202001,RATA,116
202001,20-Jan,202001,MAMA PILISTA,123
202001,20-Jan,202001,OBER KAMOTH,214
202001,20-Jan,202001,NYAKONGO,224
202001,20-Jan,202001,SEME,566
202001,20-Jan,202001,KISUMU CENTRAL SUB COUNTY,345
202001,20-Jan,202001,KISUMU EAST SUB COUNTY,677
202002,20-Feb,202002,GITA,345
202002,20-Feb,202002,WANGANGA,254
202002,20-Feb,202002,NYAKACH,243
202002,20-Feb,202002,MUHORONI,324
202002,20-Feb,202002,NYAHERA,678
202002,20-Feb,202002,CHULAIMBO,567
202002,20-Feb,202002,MANYUANDA,236
202002,20-Feb,202002,LUMUMBA,355
202002,20-Feb,202002,SONDU,725
202002,20-Feb,202002,KATITO,443
202002,20-Feb,202002,KCRH,364
202002,20-Feb,202002,KANYAKWAR,231
202002,20-Feb,202002,MIGOSI,567
202002,20-Feb,202002,KANYAGWAR,345
202002,20-Feb,202002,NYANGANDE,334
202002,20-Feb,202002,KOMBEWA,178
202002,20-Feb,202002,ST. ELIZABETH,223
202002,20-Feb,202002,ANGOLA,222
202002,20-Feb,202002,AVENUE,223
202002,20-Feb,202002,RACHAR,236
202002,20-Feb,202002,AHERO,394
202002,20-Feb,202002,BOLO,229
202002,20-Feb,202002,ABISALOM,423
202002,20-Feb,202002,MIRANGA,234
202002,20-Feb,202002,PIVOT,280
202002,20-Feb,202002,HOUSE OF HOPE,216
202002,20-Feb,202002,DUNGA,257
202002,20-Feb,202002,CHIGA,154
202002,20-Feb,202002,AWASI MISSION,537
202002,20-Feb,202002,JOOTRH,695
202002,20-Feb,202002,KADONGO,223
202002,20-Feb,202002,ST JAIRUS,268
202002,20-Feb,202002,NYANGOMA,748
202002,20-Feb,202002,RATA,141
202002,20-Feb,202002,MAMA PILISTA,366
202002,20-Feb,202002,OBER KAMOTH,236
202002,20-Feb,202002,NYAKONGO,348
202002,20-Feb,202002,SEME,626
202002,20-Feb,202002,KISUMU CENTRAL SUB COUNTY,244
202002,20-Feb,202002,KISUMU EAST SUB COUNTY,895
202003,20-Mar,202003,GITA,309
202003,20-Mar,202003,WANGANGA,217
202003,20-Mar,202003,NYAKACH,275
202003,20-Mar,202003,MUHORONI,224
202003,20-Mar,202003,NYAHERA,456
202003,20-Mar,202003,CHULAIMBO,234
202003,20-Mar,202003,MANYUANDA,234
202003,20-Mar,202003,LUMUMBA,233
202003,20-Mar,202003,SONDU,631
202003,20-Mar,202003,KATITO,333
202003,20-Mar,202003,KCRH,339
202003,20-Mar,202003,KANYAKWAR,254
202003,20-Mar,202003,MIGOSI,565
202003,20-Mar,202003,KANYAGWAR,344
202003,20-Mar,202003,NYANGANDE,254
202003,20-Mar,202003,KOMBEWA,176
202003,20-Mar,202003,ST. ELIZABETH,220
202003,20-Mar,202003,ANGOLA,216
202003,20-Mar,202003,AVENUE,226
202003,20-Mar,202003,RACHAR,426
202003,20-Mar,202003,AHERO,353
202003,20-Mar,202003,BOLO,227
202003,20-Mar,202003,ABISALOM,405
202003,20-Mar,202003,MIRANGA,144
202003,20-Mar,202003,PIVOT,228
202003,20-Mar,202003,HOUSE OF HOPE,216
202003,20-Mar,202003,DUNGA,264
202003,20-Mar,202003,CHIGA,191
202003,20-Mar,202003,AWASI MISSION,235
202003,20-Mar,202003,JOOTRH,577
202003,20-Mar,202003,KADONGO,494
202003,20-Mar,202003,ST JAIRUS,620
202003,20-Mar,202003,NYANGOMA,234
202003,20-Mar,202003,RATA,251
202003,20-Mar,202003,MAMA PILISTA,378
202003,20-Mar,202003,OBER KAMOTH,428
202003,20-Mar,202003,NYAKONGO,344
202003,20-Mar,202003,SEME,587
202003,20-Mar,202003,KISUMU CENTRAL SUB COUNTY,378
202003,20-Mar,202003,KISUMU EAST SUB COUNTY,567
202004,20-Apr,202004,GITA,124
202004,20-Apr,202004,WANGANGA,345
202004,20-Apr,202004,NYAKACH,234
202004,20-Apr,202004,MUHORONI,443
202004,20-Apr,202004,NYAHERA,121
202004,20-Apr,202004,CHULAIMBO,663
202004,20-Apr,202004,MANYUANDA,223
202004,20-Apr,202004,LUMUMBA,686
202004,20-Apr,202004,SONDU,468
202004,20-Apr,202004,KATITO,234
202004,20-Apr,202004,KCRH,273
202004,20-Apr,202004,KANYAKWAR,521
202004,20-Apr,202004,MIGOSI,456
202004,20-Apr,202004,KANYAGWAR,428
202004,20-Apr,202004,NYANGANDE,345
202004,20-Apr,202004,KOMBEWA,292
202004,20-Apr,202004,ST. ELIZABETH,271
202004,20-Apr,202004,ANGOLA,254
202004,20-Apr,202004,AVENUE,567
202004,20-Apr,202004,RACHAR,123
202004,20-Apr,202004,AHERO,489
202004,20-Apr,202004,BOLO,123
202004,20-Apr,202004,ABISALOM,267
202004,20-Apr,202004,MIRANGA,167
202004,20-Apr,202004,PIVOT,134
202004,20-Apr,202004,HOUSE OF HOPE,140
202004,20-Apr,202004,DUNGA,187
202004,20-Apr,202004,CHIGA,178
202004,20-Apr,202004,AWASI MISSION,303
202004,20-Apr,202004,JOOTRH,423
202004,20-Apr,202004,KADONGO,345
202004,20-Apr,202004,ST JAIRUS,113
202004,20-Apr,202004,NYANGOMA,763
202004,20-Apr,202004,RATA,345
202004,20-Apr,202004,MAMA PILISTA,432
202004,20-Apr,202004,OBER KAMOTH,443
202004,20-Apr,202004,NYAKONGO,456
202004,20-Apr,202004,SEME,456
202004,20-Apr,202004,KISUMU CENTRAL SUB COUNTY,829
202004,20-Apr,202004,KISUMU EAST SUB COUNTY,562
202005,20-May,202005,GITA,344
202005,20-May,202005,WANGANGA,234
202005,20-May,202005,NYAKACH,200
202005,20-May,202005,MUHORONI,689
202005,20-May,202005,NYAHERA,234
202005,20-May,202005,CHULAIMBO,685
202005,20-May,202005,MANYUANDA,456
202005,20-May,202005,LUMUMBA,234
202005,20-May,202005,SONDU,589
202005,20-May,202005,KATITO,189
202005,20-May,202005,KCRH,310
202005,20-May,202005,KANYAKWAR,150
202005,20-May,202005,MIGOSI,277
202005,20-May,202005,KANYAGWAR,345
202005,20-May,202005,NYANGANDE,667
202005,20-May,202005,KOMBEWA,434
202005,20-May,202005,ST. ELIZABETH,636
202005,20-May,202005,ANGOLA,123
202005,20-May,202005,AVENUE,165
202005,20-May,202005,RACHAR,101
202005,20-May,202005,AHERO,350
202005,20-May,202005,BOLO,650
202005,20-May,202005,ABISALOM,425
202005,20-May,202005,MIRANGA,216
202005,20-May,202005,PIVOT,181
202005,20-May,202005,HOUSE OF HOPE,128
202005,20-May,202005,DUNGA,180
202005,20-May,202005,CHIGA,115
202005,20-May,202005,AWASI MISSION,627
202005,20-May,202005,JOOTRH,287
202005,20-May,202005,KADONGO,649
202005,20-May,202005,ST JAIRUS,141
202005,20-May,202005,NYANGOMA,588
202005,20-May,202005,RATA,678
202005,20-May,202005,MAMA PILISTA,742
202005,20-May,202005,OBER KAMOTH,310
202005,20-May,202005,NYAKONGO,437
202005,20-May,202005,SEME,431
202005,20-May,202005,KISUMU CENTRAL SUB COUNTY,109
202005,20-May,202005,KISUMU EAST SUB COUNTY,616
202006,20-Jun,202006,GITA,217
202006,20-Jun,202006,WANGANGA,223
202006,20-Jun,202006,NYAKACH,230
202006,20-Jun,202006,MUHORONI,387
202006,20-Jun,202006,NYAHERA,234
202006,20-Jun,202006,CHULAIMBO,840
202006,20-Jun,202006,MANYUANDA,195
202006,20-Jun,202006,LUMUMBA,210
202006,20-Jun,202006,SONDU,605
202006,20-Jun,202006,KATITO,210
202006,20-Jun,202006,KCRH,367
202006,20-Jun,202006,KANYAKWAR,179
202006,20-Jun,202006,MIGOSI,329
202006,20-Jun,202006,KANYAGWAR,423
202006,20-Jun,202006,NYANGANDE,208
202006,20-Jun,202006,KOMBEWA,298
202006,20-Jun,202006,ST. ELIZABETH,258
202006,20-Jun,202006,ANGOLA,531
202006,20-Jun,202006,AVENUE,345
202006,20-Jun,202006,RACHAR,987
202006,20-Jun,202006,AHERO,246
202006,20-Jun,202006,BOLO,234
202006,20-Jun,202006,ABISALOM,380
202006,20-Jun,202006,MIRANGA,223
202006,20-Jun,202006,PIVOT,230
202006,20-Jun,202006,HOUSE OF HOPE,205
202006,20-Jun,202006,DUNGA,166
202006,20-Jun,202006,CHIGA,132
202006,20-Jun,202006,AWASI MISSION,641
202006,20-Jun,202006,JOOTRH,286
202006,20-Jun,202006,KADONGO,652
202006,20-Jun,202006,ST JAIRUS,116
202006,20-Jun,202006,NYANGOMA,696
202006,20-Jun,202006,RATA,695
202006,20-Jun,202006,MAMA PILISTA,886
202006,20-Jun,202006,OBER KAMOTH,370
202006,20-Jun,202006,NYAKONGO,178
202006,20-Jun,202006,SEME,393
202006,20-Jun,202006,KISUMU CENTRAL SUB COUNTY,681
202006,20-Jun,202006,KISUMU EAST SUB COUNTY,759
202007,20-Jul,202007,GITA,204
202007,20-Jul,202007,WANGANGA,314
202007,20-Jul,202007,NYAKACH,256
202007,20-Jul,202007,MUHORONI,365
202007,20-Jul,202007,NYAHERA,123
202007,20-Jul,202007,CHULAIMBO,865
202007,20-Jul,202007,MANYUANDA,179
202007,20-Jul,202007,LUMUMBA,233
202007,20-Jul,202007,SONDU,581
202007,20-Jul,202007,KATITO,243
202007,20-Jul,202007,KCRH,342
202007,20-Jul,202007,KANYAKWAR,241
202007,20-Jul,202007,MIGOSI,360
202007,20-Jul,202007,KANYAGWAR,356
202007,20-Jul,202007,NYANGANDE,229
202007,20-Jul,202007,KOMBEWA,178
202007,20-Jul,202007,ST. ELIZABETH,228
202007,20-Jul,202007,ANGOLA,142
202007,20-Jul,202007,AVENUE,221
202007,20-Jul,202007,RACHAR,103
202007,20-Jul,202007,AHERO,352
202007,20-Jul,202007,BOLO,178
202007,20-Jul,202007,ABISALOM,368
202007,20-Jul,202007,MIRANGA,178
202007,20-Jul,202007,PIVOT,216
202007,20-Jul,202007,HOUSE OF HOPE,248
202007,20-Jul,202007,DUNGA,443
202007,20-Jul,202007,CHIGA,130
202007,20-Jul,202007,AWASI MISSION,612
202007,20-Jul,202007,JOOTRH,398
202007,20-Jul,202007,KADONGO,176
202007,20-Jul,202007,ST JAIRUS,186
202007,20-Jul,202007,NYANGOMA,784
202007,20-Jul,202007,RATA,785
202007,20-Jul,202007,MAMA PILISTA,877
202007,20-Jul,202007,OBER KAMOTH,345
202007,20-Jul,202007,NYAKONGO,153
202007,20-Jul,202007,SEME,409
202007,20-Jul,202007,KISUMU CENTRAL SUB COUNTY,190
202007,20-Jul,202007,KISUMU EAST SUB COUNTY,785
202008,20-Aug,202008,GITA,182
202008,20-Aug,202008,WANGANGA,378
202008,20-Aug,202008,NYAKACH,240
202008,20-Aug,202008,MUHORONI,164
202008,20-Aug,202008,NYAHERA,543
202008,20-Aug,202008,CHULAIMBO,993
202008,20-Aug,202008,MANYUANDA,180
202008,20-Aug,202008,LUMUMBA,101
202008,20-Aug,202008,SONDU,630
202008,20-Aug,202008,KATITO,259
202008,20-Aug,202008,KCRH,333
202008,20-Aug,202008,KANYAKWAR,234
202008,20-Aug,202008,MIGOSI,332
202008,20-Aug,202008,KANYAGWAR,351
202008,20-Aug,202008,NYANGANDE,211
202008,20-Aug,202008,KOMBEWA,178
202008,20-Aug,202008,ST. ELIZABETH,202
202008,20-Aug,202008,ANGOLA,996
202008,20-Aug,202008,AVENUE,251
202008,20-Aug,202008,RACHAR,984
202008,20-Aug,202008,AHERO,253
202008,20-Aug,202008,BOLO,156
202008,20-Aug,202008,ABISALOM,249
202008,20-Aug,202008,MIRANGA,456
202008,20-Aug,202008,PIVOT,555
202008,20-Aug,202008,HOUSE OF HOPE,297
202008,20-Aug,202008,DUNGA,543
202008,20-Aug,202008,CHIGA,354
202008,20-Aug,202008,AWASI MISSION,547
202008,20-Aug,202008,JOOTRH,123
202008,20-Aug,202008,KADONGO,345
202008,20-Aug,202008,ST JAIRUS,207
202008,20-Aug,202008,NYANGOMA,752
202008,20-Aug,202008,RATA,797
202008,20-Aug,202008,MAMA PILISTA,834
202008,20-Aug,202008,OBER KAMOTH,332
202008,20-Aug,202008,NYAKONGO,167
202008,20-Aug,202008,SEME,641
202008,20-Aug,202008,KISUMU CENTRAL SUB COUNTY,175
202008,20-Aug,202008,KISUMU EAST SUB COUNTY,847
202009,20-Sep,202009,GITA,158
202009,20-Sep,202009,WANGANGA,316
202009,20-Sep,202009,NYAKACH,238
202009,20-Sep,202009,MUHORONI,201
202009,20-Sep,202009,NYAHERA,174
202009,20-Sep,202009,CHULAIMBO,638
202009,20-Sep,202009,MANYUANDA,217
202009,20-Sep,202009,LUMUMBA,345
202009,20-Sep,202009,SONDU,733
202009,20-Sep,202009,KATITO,291
202009,20-Sep,202009,KCRH,330
202009,20-Sep,202009,KANYAKWAR,223
202009,20-Sep,202009,MIGOSI,368
202009,20-Sep,202009,KANYAGWAR,376
202009,20-Sep,202009,NYANGANDE,271
202009,20-Sep,202009,KOMBEWA,205
202009,20-Sep,202009,ST. ELIZABETH,202
202009,20-Sep,202009,ANGOLA,614
202009,20-Sep,202009,AVENUE,308
202009,20-Sep,202009,RACHAR,115
202009,20-Sep,202009,AHERO,368
202009,20-Sep,202009,BOLO,234
202009,20-Sep,202009,ABISALOM,461
202009,20-Sep,202009,MIRANGA,145
202009,20-Sep,202009,PIVOT,165
202009,20-Sep,202009,HOUSE OF HOPE,263
202009,20-Sep,202009,DUNGA,241
202009,20-Sep,202009,CHIGA,146
202009,20-Sep,202009,AWASI MISSION,744
202009,20-Sep,202009,JOOTRH,433
202009,20-Sep,202009,KADONGO,145
202009,20-Sep,202009,ST JAIRUS,223
202009,20-Sep,202009,NYANGOMA,798
202009,20-Sep,202009,RATA,937
202009,20-Sep,202009,MAMA PILISTA,129
202009,20-Sep,202009,OBER KAMOTH,142
202009,20-Sep,202009,NYAKONGO,148
202009,20-Sep,202009,SEME,719
202009,20-Sep,202009,KISUMU CENTRAL SUB COUNTY,878
202009,20-Sep,202009,KISUMU EAST SUB COUNTY,853
202010,20-Oct,202010,GITA,134
202010,20-Oct,202010,WANGANGA,410
202010,20-Oct,202010,NYAKACH,257
202010,20-Oct,202010,MUHORONI,210
202010,20-Oct,202010,NYAHERA,181
202010,20-Oct,202010,CHULAIMBO,138
202010,20-Oct,202010,MANYUANDA,208
202010,20-Oct,202010,LUMUMBA,205
202010,20-Oct,202010,SONDU,808
202010,20-Oct,202010,KATITO,337
202010,20-Oct,202010,KCRH,371
202010,20-Oct,202010,KANYAKWAR,271
202010,20-Oct,202010,MIGOSI,324
202010,20-Oct,202010,KANYAGWAR,608
202010,20-Oct,202010,NYANGANDE,349
202010,20-Oct,202010,KOMBEWA,235
202010,20-Oct,202010,ST. ELIZABETH,341
202010,20-Oct,202010,ANGOLA,814
202010,20-Oct,202010,AVENUE,248
202010,20-Oct,202010,RACHAR,122
202010,20-Oct,202010,AHERO,311
202010,20-Oct,202010,BOLO,207
202010,20-Oct,202010,ABISALOM,465
202010,20-Oct,202010,MIRANGA,178
202010,20-Oct,202010,PIVOT,183
202010,20-Oct,202010,HOUSE OF HOPE,436
202010,20-Oct,202010,DUNGA,484
202010,20-Oct,202010,CHIGA,706
202010,20-Oct,202010,AWASI MISSION,678
202010,20-Oct,202010,JOOTRH,457
202010,20-Oct,202010,KADONGO,607
202010,20-Oct,202010,ST JAIRUS,654
202010,20-Oct,202010,NYANGOMA,760
202010,20-Oct,202010,RATA,829
202010,20-Oct,202010,MAMA PILISTA,456
202010,20-Oct,202010,OBER KAMOTH,155
202010,20-Oct,202010,NYAKONGO,167
202010,20-Oct,202010,SEME,704
202010,20-Oct,202010,KISUMU CENTRAL SUB COUNTY,345
202010,20-Oct,202010,KISUMU EAST SUB COUNTY,408
202011,20-Nov,202011,GITA,208
202011,20-Nov,202011,WANGANGA,326
202011,20-Nov,202011,NYAKACH,289
202011,20-Nov,202011,MUHORONI,210
202011,20-Nov,202011,NYAHERA,178
202011,20-Nov,202011,CHULAIMBO,868
202011,20-Nov,202011,MANYUANDA,186
202011,20-Nov,202011,LUMUMBA,509
202011,20-Nov,202011,SONDU,740
202011,20-Nov,202011,KATITO,313
202011,20-Nov,202011,KCRH,384
202011,20-Nov,202011,KANYAKWAR,271
202011,20-Nov,202011,MIGOSI,383
202011,20-Nov,202011,KANYAGWAR,345
202011,20-Nov,202011,NYANGANDE,189
202011,20-Nov,202011,KOMBEWA,200
202011,20-Nov,202011,ST. ELIZABETH,323
202011,20-Nov,202011,ANGOLA,184
202011,20-Nov,202011,AVENUE,222
202011,20-Nov,202011,RACHAR,107
202011,20-Nov,202011,AHERO,312
202011,20-Nov,202011,BOLO,198
202011,20-Nov,202011,ABISALOM,623
202011,20-Nov,202011,MIRANGA,189
202011,20-Nov,202011,PIVOT,780
202011,20-Nov,202011,HOUSE OF HOPE,180
202011,20-Nov,202011,DUNGA,341
202011,20-Nov,202011,CHIGA,344
202011,20-Nov,202011,AWASI MISSION,576
202011,20-Nov,202011,JOOTRH,365
202011,20-Nov,202011,KADONGO,650
202011,20-Nov,202011,ST JAIRUS,514
202011,20-Nov,202011,NYANGOMA,975
202011,20-Nov,202011,RATA,897
202011,20-Nov,202011,MAMA PILISTA,110
202011,20-Nov,202011,OBER KAMOTH,247
202011,20-Nov,202011,NYAKONGO,183
202011,20-Nov,202011,SEME,879
202011,20-Nov,202011,KISUMU CENTRAL SUB COUNTY,412
202011,20-Nov,202011,KISUMU EAST SUB COUNTY,715
202012,20-Dec,202012,GITA,258
202012,20-Dec,202012,WANGANGA,300
202012,20-Dec,202012,NYAKACH,634
202012,20-Dec,202012,MUHORONI,657
202012,20-Dec,202012,NYAHERA,953
202012,20-Dec,202012,CHULAIMBO,436
202012,20-Dec,202012,MANYUANDA,234
202012,20-Dec,202012,LUMUMBA,735
202012,20-Dec,202012,SONDU,454
202012,20-Dec,202012,KATITO,214
202012,20-Dec,202012,KCRH,156
202012,20-Dec,202012,KANYAKWAR,925
202012,20-Dec,202012,MIGOSI,234
202012,20-Dec,202012,KANYAGWAR,744
202012,20-Dec,202012,NYANGANDE,566
202012,20-Dec,202012,KOMBEWA,555
202012,20-Dec,202012,ST. ELIZABETH,345
202012,20-Dec,202012,ANGOLA,234
202012,20-Dec,202012,AVENUE,519
202012,20-Dec,202012,RACHAR,543
202012,20-Dec,202012,AHERO,445
202012,20-Dec,202012,BOLO,256
202012,20-Dec,202012,ABISALOM,234
202012,20-Dec,202012,MIRANGA,688
202012,20-Dec,202012,PIVOT,346
202012,20-Dec,202012,HOUSE OF HOPE,971
202012,20-Dec,202012,DUNGA,202
202012,20-Dec,202012,CHIGA,355
202012,20-Dec,202012,AWASI MISSION,623
202012,20-Dec,202012,JOOTRH,555
202012,20-Dec,202012,KADONGO,608
202012,20-Dec,202012,ST JAIRUS,234
202012,20-Dec,202012,NYANGOMA,555
202012,20-Dec,202012,RATA,460
202012,20-Dec,202012,MAMA PILISTA,567
202012,20-Dec,202012,OBER KAMOTH,234
202012,20-Dec,202012,NYAKONGO,877
202012,20-Dec,202012,SEME,299
202012,20-Dec,202012,KISUMU CENTRAL SUB COUNTY,664
202012,20-Dec,202012,KISUMU EAST SUB COUNTY,835
201901,19-Jan,201901,GITA,289
201901,19-Jan,201901,WANGANGA,383
201901,19-Jan,201901,NYAKACH,518
201901,19-Jan,201901,MUHORONI,353
201901,19-Jan,201901,NYAHERA,262
201901,19-Jan,201901,CHULAIMBO,134
201901,19-Jan,201901,MANYUANDA,266
201901,19-Jan,201901,LUMUMBA,285
201901,19-Jan,201901,SONDU,115
201901,19-Jan,201901,KATITO,452
201901,19-Jan,201901,KCRH,534
201901,19-Jan,201901,KANYAKWAR,475
201901,19-Jan,201901,MIGOSI,596
201901,19-Jan,201901,KANYAGWAR,481
201901,19-Jan,201901,NYANGANDE,262
201901,19-Jan,201901,KOMBEWA,250
201901,19-Jan,201901,ST. ELIZABETH,358
201901,19-Jan,201901,ANGOLA,444
201901,19-Jan,201901,AVENUE,353
201901,19-Jan,201901,RACHAR,216
201901,19-Jan,201901,AHERO,456
201901,19-Jan,201901,BOLO,326
201901,19-Jan,201901,ABISALOM,518
201901,19-Jan,201901,MIRANGA,277
201901,19-Jan,201901,PIVOT,325
201901,19-Jan,201901,HOUSE OF HOPE,236
201901,19-Jan,201901,DUNGA,324
201901,19-Jan,201901,CHIGA,456
201901,19-Jan,201901,AWASI MISSION,110
201901,19-Jan,201901,JOOTRH,686
201901,19-Jan,201901,KADONGO,462
201901,19-Jan,201901,ST JAIRUS,309
201901,19-Jan,201901,NYANGOMA,170
201901,19-Jan,201901,RATA,135
201901,19-Jan,201901,MAMA PILISTA,233
201901,19-Jan,201901,OBER KAMOTH,172
201901,19-Jan,201901,NYAKONGO,237
201901,19-Jan,201901,SEME,126
201901,19-Jan,201901,KISUMU CENTRAL SUB COUNTY,169
201901,19-Jan,201901,KISUMU EAST SUB COUNTY,137
201902,19-Feb,201902,GITA,215
201902,19-Feb,201902,WANGANGA,425
201902,19-Feb,201902,NYAKACH,538
201902,19-Feb,201902,MUHORONI,230
201902,19-Feb,201902,NYAHERA,215
201902,19-Feb,201902,CHULAIMBO,109
201902,19-Feb,201902,MANYUANDA,269
201902,19-Feb,201902,LUMUMBA,229
201902,19-Feb,201902,SONDU,855
201902,19-Feb,201902,KATITO,410
201902,19-Feb,201902,KCRH,457
201902,19-Feb,201902,KANYAKWAR,457
201902,19-Feb,201902,MIGOSI,630
201902,19-Feb,201902,KANYAGWAR,469
201902,19-Feb,201902,NYANGANDE,185
201902,19-Feb,201902,KOMBEWA,151
201902,19-Feb,201902,ST. ELIZABETH,234
201902,19-Feb,201902,ANGOLA,294
201902,19-Feb,201902,AVENUE,323
201902,19-Feb,201902,RACHAR,202
201902,19-Feb,201902,AHERO,325
201902,19-Feb,201902,BOLO,228
201902,19-Feb,201902,ABISALOM,436
201902,19-Feb,201902,MIRANGA,126
201902,19-Feb,201902,PIVOT,329
201902,19-Feb,201902,HOUSE OF HOPE,335
201902,19-Feb,201902,DUNGA,309
201902,19-Feb,201902,CHIGA,229
201902,19-Feb,201902,AWASI MISSION,104
201902,19-Feb,201902,JOOTRH,661
201902,19-Feb,201902,KADONGO,465
201902,19-Feb,201902,ST JAIRUS,327
201902,19-Feb,201902,NYANGOMA,160
201902,19-Feb,201902,RATA,145
201902,19-Feb,201902,MAMA PILISTA,178
201902,19-Feb,201902,OBER KAMOTH,825
201902,19-Feb,201902,NYAKONGO,205
201902,19-Feb,201902,SEME,664
201902,19-Feb,201902,KISUMU CENTRAL SUB COUNTY,147
201902,19-Feb,201902,KISUMU EAST SUB COUNTY,106
201903,19-Mar,201903,GITA,261
201903,19-Mar,201903,WANGANGA,378
201903,19-Mar,201903,NYAKACH,234
201903,19-Mar,201903,MUHORONI,256
201903,19-Mar,201903,NYAHERA,306
201903,19-Mar,201903,CHULAIMBO,144
201903,19-Mar,201903,MANYUANDA,224
201903,19-Mar,201903,LUMUMBA,337
201903,19-Mar,201903,SONDU,820
201903,19-Mar,201903,KATITO,481
201903,19-Mar,201903,KCRH,503
201903,19-Mar,201903,KANYAKWAR,360
201903,19-Mar,201903,MIGOSI,422
201903,19-Mar,201903,KANYAGWAR,560
201903,19-Mar,201903,NYANGANDE,239
201903,19-Mar,201903,KOMBEWA,252
201903,19-Mar,201903,ST. ELIZABETH,281
201903,19-Mar,201903,ANGOLA,315
201903,19-Mar,201903,AVENUE,379
201903,19-Mar,201903,RACHAR,222
201903,19-Mar,201903,AHERO,426
201903,19-Mar,201903,BOLO,193
201903,19-Mar,201903,ABISALOM,4556
201903,19-Mar,201903,MIRANGA,206
201903,19-Mar,201903,PIVOT,373
201903,19-Mar,201903,HOUSE OF HOPE,328
201903,19-Mar,201903,DUNGA,325
201903,19-Mar,201903,CHIGA,423
201903,19-Mar,201903,AWASI MISSION,126
201903,19-Mar,201903,JOOTRH,686
201903,19-Mar,201903,KADONGO,442
201903,19-Mar,201903,ST JAIRUS,342
201903,19-Mar,201903,NYANGOMA,640
201903,19-Mar,201903,RATA,170
201903,19-Mar,201903,MAMA PILISTA,535
201903,19-Mar,201903,OBER KAMOTH,382
201903,19-Mar,201903,NYAKONGO,419
201903,19-Mar,201903,SEME,761
201903,19-Mar,201903,KISUMU CENTRAL SUB COUNTY,216
201903,19-Mar,201903,KISUMU EAST SUB COUNTY,117
201904,19-Apr,201904,GITA,292
201904,19-Apr,201904,WANGANGA,295
201904,19-Apr,201904,NYAKACH,419
201904,19-Apr,201904,MUHORONI,231
201904,19-Apr,201904,NYAHERA,274
201904,19-Apr,201904,CHULAIMBO,156
201904,19-Apr,201904,MANYUANDA,324
201904,19-Apr,201904,LUMUMBA,225
201904,19-Apr,201904,SONDU,804
201904,19-Apr,201904,KATITO,408
201904,19-Apr,201904,KCRH,465
201904,19-Apr,201904,KANYAKWAR,314
201904,19-Apr,201904,MIGOSI,651
201904,19-Apr,201904,KANYAGWAR,323
201904,19-Apr,201904,NYANGANDE,227
201904,19-Apr,201904,KOMBEWA,345
201904,19-Apr,201904,ST. ELIZABETH,246
201904,19-Apr,201904,ANGOLA,289
201904,19-Apr,201904,AVENUE,414
201904,19-Apr,201904,RACHAR,202
201904,19-Apr,201904,AHERO,351
201904,19-Apr,201904,BOLO,209
201904,19-Apr,201904,ABISALOM,446
201904,19-Apr,201904,MIRANGA,178
201904,19-Apr,201904,PIVOT,270
201904,19-Apr,201904,HOUSE OF HOPE,280
201904,19-Apr,201904,DUNGA,303
201904,19-Apr,201904,CHIGA,203
201904,19-Apr,201904,AWASI MISSION,121
201904,19-Apr,201904,JOOTRH,550
201904,19-Apr,201904,KADONGO,379
201904,19-Apr,201904,ST JAIRUS,290
201904,19-Apr,201904,NYANGOMA,128
201904,19-Apr,201904,RATA,120
201904,19-Apr,201904,MAMA PILISTA,182
201904,19-Apr,201904,OBER KAMOTH,147
201904,19-Apr,201904,NYAKONGO,199
201904,19-Apr,201904,SEME,650
201904,19-Apr,201904,KISUMU CENTRAL SUB COUNTY,192
201904,19-Apr,201904,KISUMU EAST SUB COUNTY,107
201905,19-May,201905,GITA,357
201905,19-May,201905,WANGANGA,258
201905,19-May,201905,NYAKACH,389
201905,19-May,201905,MUHORONI,244
201905,19-May,201905,NYAHERA,247
201905,19-May,201905,CHULAIMBO,183
201905,19-May,201905,MANYUANDA,395
201905,19-May,201905,LUMUMBA,201
201905,19-May,201905,SONDU,846
201905,19-May,201905,KATITO,624
201905,19-May,201905,KCRH,187
201905,19-May,201905,KANYAKWAR,263
201905,19-May,201905,MIGOSI,714
201905,19-May,201905,KANYAGWAR,812
201905,19-May,201905,NYANGANDE,206
201905,19-May,201905,KOMBEWA,241
201905,19-May,201905,ST. ELIZABETH,267
201905,19-May,201905,ANGOLA,489
201905,19-May,201905,AVENUE,487
201905,19-May,201905,RACHAR,196
201905,19-May,201905,AHERO,306
201905,19-May,201905,BOLO,258
201905,19-May,201905,ABISALOM,677
201905,19-May,201905,MIRANGA,291
201905,19-May,201905,PIVOT,334
201905,19-May,201905,HOUSE OF HOPE,261
201905,19-May,201905,DUNGA,362
201905,19-May,201905,CHIGA,291
201905,19-May,201905,AWASI MISSION,138
201905,19-May,201905,JOOTRH,584
201905,19-May,201905,KADONGO,715
201905,19-May,201905,ST JAIRUS,234
201905,19-May,201905,NYANGOMA,131
201905,19-May,201905,RATA,124
201905,19-May,201905,MAMA PILISTA,183
201905,19-May,201905,OBER KAMOTH,169
201905,19-May,201905,NYAKONGO,189
201905,19-May,201905,SEME,953
201905,19-May,201905,KISUMU CENTRAL SUB COUNTY,184
201905,19-May,201905,KISUMU EAST SUB COUNTY,127
201906,19-Jun,201906,GITA,298
201906,19-Jun,201906,WANGANGA,254
201906,19-Jun,201906,NYAKACH,349
201906,19-Jun,201906,MUHORONI,250
201906,19-Jun,201906,NYAHERA,220
201906,19-Jun,201906,CHULAIMBO,126
201906,19-Jun,201906,MANYUANDA,369
201906,19-Jun,201906,LUMUMBA,249
201906,19-Jun,201906,SONDU,887
201906,19-Jun,201906,KATITO,382
201906,19-Jun,201906,KCRH,860
201906,19-Jun,201906,KANYAKWAR,293
201906,19-Jun,201906,MIGOSI,612
201906,19-Jun,201906,KANYAGWAR,494
201906,19-Jun,201906,NYANGANDE,827
201906,19-Jun,201906,KOMBEWA,216
201906,19-Jun,201906,ST. ELIZABETH,316
201906,19-Jun,201906,ANGOLA,362
201906,19-Jun,201906,AVENUE,632
201906,19-Jun,201906,RACHAR,175
201906,19-Jun,201906,AHERO,223
201906,19-Jun,201906,BOLO,276
201906,19-Jun,201906,ABISALOM,223
201906,19-Jun,201906,MIRANGA,267
201906,19-Jun,201906,PIVOT,286
201906,19-Jun,201906,HOUSE OF HOPE,252
201906,19-Jun,201906,DUNGA,290
201906,19-Jun,201906,CHIGA,228
201906,19-Jun,201906,AWASI MISSION,279
201906,19-Jun,201906,JOOTRH,324
201906,19-Jun,201906,KADONGO,508
201906,19-Jun,201906,ST JAIRUS,235
201906,19-Jun,201906,NYANGOMA,118
201906,19-Jun,201906,RATA,113
201906,19-Jun,201906,MAMA PILISTA,457
201906,19-Jun,201906,OBER KAMOTH,239
201906,19-Jun,201906,NYAKONGO,234
201906,19-Jun,201906,SEME,463
201906,19-Jun,201906,KISUMU CENTRAL SUB COUNTY,156
201906,19-Jun,201906,KISUMU EAST SUB COUNTY,974
201907,19-Jul,201907,GITA,383
201907,19-Jul,201907,WANGANGA,281
201907,19-Jul,201907,NYAKACH,390
201907,19-Jul,201907,MUHORONI,341
201907,19-Jul,201907,NYAHERA,265
201907,19-Jul,201907,CHULAIMBO,134
201907,19-Jul,201907,MANYUANDA,320
201907,19-Jul,201907,LUMUMBA,261
201907,19-Jul,201907,SONDU,950
201907,19-Jul,201907,KATITO,503
201907,19-Jul,201907,KCRH,569
201907,19-Jul,201907,KANYAKWAR,401
201907,19-Jul,201907,MIGOSI,601
201907,19-Jul,201907,KANYAGWAR,932
201907,19-Jul,201907,NYANGANDE,173
201907,19-Jul,201907,KOMBEWA,218
201907,19-Jul,201907,ST. ELIZABETH,342
201907,19-Jul,201907,ANGOLA,350
201907,19-Jul,201907,AVENUE,609
201907,19-Jul,201907,RACHAR,214
201907,19-Jul,201907,AHERO,466
201907,19-Jul,201907,BOLO,279
201907,19-Jul,201907,ABISALOM,526
201907,19-Jul,201907,MIRANGA,236
201907,19-Jul,201907,PIVOT,319
201907,19-Jul,201907,HOUSE OF HOPE,255
201907,19-Jul,201907,DUNGA,404
201907,19-Jul,201907,CHIGA,220
201907,19-Jul,201907,AWASI MISSION,120
201907,19-Jul,201907,JOOTRH,699
201907,19-Jul,201907,KADONGO,393
201907,19-Jul,201907,ST JAIRUS,229
201907,19-Jul,201907,NYANGOMA,106
201907,19-Jul,201907,RATA,130
201907,19-Jul,201907,MAMA PILISTA,176
201907,19-Jul,201907,OBER KAMOTH,332
201907,19-Jul,201907,NYAKONGO,233
201907,19-Jul,201907,SEME,122
201907,19-Jul,201907,KISUMU CENTRAL SUB COUNTY,205
201907,19-Jul,201907,KISUMU EAST SUB COUNTY,970
201908,19-Aug,201908,GITA,322
201908,19-Aug,201908,WANGANGA,318
201908,19-Aug,201908,NYAKACH,297
201908,19-Aug,201908,MUHORONI,266
201908,19-Aug,201908,NYAHERA,193
201908,19-Aug,201908,CHULAIMBO,112
201908,19-Aug,201908,MANYUANDA,254
201908,19-Aug,201908,LUMUMBA,179
201908,19-Aug,201908,SONDU,897
201908,19-Aug,201908,KATITO,394
201908,19-Aug,201908,KCRH,388
201908,19-Aug,201908,KANYAKWAR,223
201908,19-Aug,201908,MIGOSI,528
201908,19-Aug,201908,KANYAGWAR,518
201908,19-Aug,201908,NYANGANDE,213
201908,19-Aug,201908,KOMBEWA,234
201908,19-Aug,201908,ST. ELIZABETH,146
201908,19-Aug,201908,ANGOLA,345
201908,19-Aug,201908,AVENUE,424
201908,19-Aug,201908,RACHAR,203
201908,19-Aug,201908,AHERO,338
201908,19-Aug,201908,BOLO,215
201908,19-Aug,201908,ABISALOM,502
201908,19-Aug,201908,MIRANGA,234
201908,19-Aug,201908,PIVOT,242
201908,19-Aug,201908,HOUSE OF HOPE,254
201908,19-Aug,201908,DUNGA,290
201908,19-Aug,201908,CHIGA,165
201908,19-Aug,201908,AWASI MISSION,105
201908,19-Aug,201908,JOOTRH,489
201908,19-Aug,201908,KADONGO,302
201908,19-Aug,201908,ST JAIRUS,218
201908,19-Aug,201908,NYANGOMA,910
201908,19-Aug,201908,RATA,113
201908,19-Aug,201908,MAMA PILISTA,144
201908,19-Aug,201908,OBER KAMOTH,203
201908,19-Aug,201908,NYAKONGO,650
201908,19-Aug,201908,SEME,598
201908,19-Aug,201908,KISUMU CENTRAL SUB COUNTY,220
201908,19-Aug,201908,KISUMU EAST SUB COUNTY,739
201909,19-Sep,201909,GITA,373
201909,19-Sep,201909,WANGANGA,297
201909,19-Sep,201909,NYAKACH,245
201909,19-Sep,201909,MUHORONI,241
201909,19-Sep,201909,NYAHERA,218
201909,19-Sep,201909,CHULAIMBO,251
201909,19-Sep,201909,MANYUANDA,464
201909,19-Sep,201909,LUMUMBA,203
201909,19-Sep,201909,SONDU,958
201909,19-Sep,201909,KATITO,426
201909,19-Sep,201909,KCRH,684
201909,19-Sep,201909,KANYAKWAR,203
201909,19-Sep,201909,MIGOSI,453
201909,19-Sep,201909,KANYAGWAR,234
201909,19-Sep,201909,NYANGANDE,217
201909,19-Sep,201909,KOMBEWA,161
201909,19-Sep,201909,ST. ELIZABETH,199
201909,19-Sep,201909,ANGOLA,723
201909,19-Sep,201909,AVENUE,238
201909,19-Sep,201909,RACHAR,215
201909,19-Sep,201909,AHERO,382
201909,19-Sep,201909,BOLO,228
201909,19-Sep,201909,ABISALOM,465
201909,19-Sep,201909,MIRANGA,197
201909,19-Sep,201909,PIVOT,290
201909,19-Sep,201909,HOUSE OF HOPE,269
201909,19-Sep,201909,DUNGA,353
201909,19-Sep,201909,CHIGA,166
201909,19-Sep,201909,AWASI MISSION,105
201909,19-Sep,201909,JOOTRH,542
201909,19-Sep,201909,KADONGO,260
201909,19-Sep,201909,ST JAIRUS,250
201909,19-Sep,201909,NYANGOMA,749
201909,19-Sep,201909,RATA,235
201909,19-Sep,201909,MAMA PILISTA,192
201909,19-Sep,201909,OBER KAMOTH,227
201909,19-Sep,201909,NYAKONGO,198
201909,19-Sep,201909,SEME,501
201909,19-Sep,201909,KISUMU CENTRAL SUB COUNTY,680
201909,19-Sep,201909,KISUMU EAST SUB COUNTY,115
201910,19-Oct,201910,GITA,268
201910,19-Oct,201910,WANGANGA,231
201910,19-Oct,201910,NYAKACH,621
201910,19-Oct,201910,MUHORONI,218
201910,19-Oct,201910,NYAHERA,618
201910,19-Oct,201910,CHULAIMBO,956
201910,19-Oct,201910,MANYUANDA,791
201910,19-Oct,201910,LUMUMBA,456
201910,19-Oct,201910,SONDU,156
201910,19-Oct,201910,KATITO,427
201910,19-Oct,201910,KCRH,345
201910,19-Oct,201910,KANYAKWAR,190
201910,19-Oct,201910,MIGOSI,875
201910,19-Oct,201910,KANYAGWAR,397
201910,19-Oct,201910,NYANGANDE,226
201910,19-Oct,201910,KOMBEWA,169
201910,19-Oct,201910,ST. ELIZABETH,153
201910,19-Oct,201910,ANGOLA,307
201910,19-Oct,201910,AVENUE,210
201910,19-Oct,201910,RACHAR,204
201910,19-Oct,201910,AHERO,427
201910,19-Oct,201910,BOLO,247
201910,19-Oct,201910,ABISALOM,289
201910,19-Oct,201910,MIRANGA,249
201910,19-Oct,201910,PIVOT,302
201910,19-Oct,201910,HOUSE OF HOPE,234
201910,19-Oct,201910,DUNGA,378
201910,19-Oct,201910,CHIGA,538
201910,19-Oct,201910,AWASI MISSION,225
201910,19-Oct,201910,JOOTRH,565
201910,19-Oct,201910,KADONGO,234
201910,19-Oct,201910,ST JAIRUS,250
201910,19-Oct,201910,NYANGOMA,764
201910,19-Oct,201910,RATA,358
201910,19-Oct,201910,MAMA PILISTA,519
201910,19-Oct,201910,OBER KAMOTH,567
201910,19-Oct,201910,NYAKONGO,156
201910,19-Oct,201910,SEME,595
201910,19-Oct,201910,KISUMU CENTRAL SUB COUNTY,160
201910,19-Oct,201910,KISUMU EAST SUB COUNTY,921
201911,19-Nov,201911,GITA,167
201911,19-Nov,201911,WANGANGA,228
201911,19-Nov,201911,NYAKACH,223
201911,19-Nov,201911,MUHORONI,140
201911,19-Nov,201911,NYAHERA,120
201911,19-Nov,201911,CHULAIMBO,881
201911,19-Nov,201911,MANYUANDA,316
201911,19-Nov,201911,LUMUMBA,154
201911,19-Nov,201911,SONDU,111
201911,19-Nov,201911,KATITO,388
201911,19-Nov,201911,KCRH,294
201911,19-Nov,201911,KANYAKWAR,174
201911,19-Nov,201911,MIGOSI,345
201911,19-Nov,201911,KANYAGWAR,356
201911,19-Nov,201911,NYANGANDE,332
201911,19-Nov,201911,KOMBEWA,156
201911,19-Nov,201911,ST. ELIZABETH,234
201911,19-Nov,201911,ANGOLA,393
201911,19-Nov,201911,AVENUE,242
201911,19-Nov,201911,RACHAR,145
201911,19-Nov,201911,AHERO,466
201911,19-Nov,201911,BOLO,322
201911,19-Nov,201911,ABISALOM,234
201911,19-Nov,201911,MIRANGA,260
201911,19-Nov,201911,PIVOT,300
201911,19-Nov,201911,HOUSE OF HOPE,234
201911,19-Nov,201911,DUNGA,256
201911,19-Nov,201911,CHIGA,189
201911,19-Nov,201911,AWASI MISSION,746
201911,19-Nov,201911,JOOTRH,456
201911,19-Nov,201911,KADONGO,299
201911,19-Nov,201911,ST JAIRUS,189
201911,19-Nov,201911,NYANGOMA,767
201911,19-Nov,201911,RATA,125
201911,19-Nov,201911,MAMA PILISTA,128
201911,19-Nov,201911,OBER KAMOTH,247
201911,19-Nov,201911,NYAKONGO,208
201911,19-Nov,201911,SEME,707
201911,19-Nov,201911,KISUMU CENTRAL SUB COUNTY,236
201912,19-Dec,201912,GITA,150
201912,19-Dec,201912,WANGANGA,204
201912,19-Dec,201912,NYAKACH,203
201912,19-Dec,201912,MUHORONI,180
201912,19-Dec,201912,NYAHERA,473
201912,19-Dec,201912,CHULAIMBO,845
201912,19-Dec,201912,MANYUANDA,305
201912,19-Dec,201912,LUMUMBA,135
201912,19-Dec,201912,SONDU,142
201912,19-Dec,201912,KATITO,530
201912,19-Dec,201912,KCRH,306
201912,19-Dec,201912,KANYAKWAR,156
201912,19-Dec,201912,MIGOSI,474
201912,19-Dec,201912,KANYAGWAR,368
201912,19-Dec,201912,NYANGANDE,258
201912,19-Dec,201912,KOMBEWA,147
201912,19-Dec,201912,ST. ELIZABETH,167
201912,19-Dec,201912,ANGOLA,348
201912,19-Dec,201912,AVENUE,233
201912,19-Dec,201912,RACHAR,147
201912,19-Dec,201912,AHERO,478
201912,19-Dec,201912,BOLO,311
201912,19-Dec,201912,ABISALOM,704
201912,19-Dec,201912,MIRANGA,205
201912,19-Dec,201912,PIVOT,837
201912,19-Dec,201912,HOUSE OF HOPE,146
201912,19-Dec,201912,DUNGA,224
201912,19-Dec,201912,CHIGA,184
201912,19-Dec,201912,AWASI MISSION,821
201912,19-Dec,201912,JOOTRH,420
201912,19-Dec,201912,KADONGO,178
201912,19-Dec,201912,ST JAIRUS,565
201912,19-Dec,201912,NYANGOMA,710
201912,19-Dec,201912,RATA,119
201912,19-Dec,201912,MAMA PILISTA,424
201912,19-Dec,201912,OBER KAMOTH,204
201912,19-Dec,201912,NYAKONGO,478
201912,19-Dec,201912,SEME,845
201912,19-Dec,201912,KISUMU CENTRAL SUB COUNTY,324
201801,18-Jan,201801,GITA,247
201801,18-Jan,201801,WANGANGA,381
201801,18-Jan,201801,NYAKACH,248
201801,18-Jan,201801,MUHORONI,328
201801,18-Jan,201801,NYAHERA,252
201801,18-Jan,201801,CHULAIMBO,280
201801,18-Jan,201801,MANYUANDA,235
201801,18-Jan,201801,LUMUMBA,273
201801,18-Jan,201801,SONDU,907
201801,18-Jan,201801,KATITO,566
201801,18-Jan,201801,KCRH,441
201801,18-Jan,201801,KANYAKWAR,446
201801,18-Jan,201801,MIGOSI,566
201801,18-Jan,201801,KANYAGWAR,365
201801,18-Jan,201801,NYANGANDE,207
201801,18-Jan,201801,KOMBEWA,184
201801,18-Jan,201801,ST. ELIZABETH,314
201801,18-Jan,201801,ANGOLA,435
201801,18-Jan,201801,AVENUE,314
201801,18-Jan,201801,RACHAR,228
201801,18-Jan,201801,AHERO,414
201801,18-Jan,201801,BOLO,295
201801,18-Jan,201801,ABISALOM,402
201801,18-Jan,201801,MIRANGA,212
201801,18-Jan,201801,PIVOT,357
201801,18-Jan,201801,HOUSE OF HOPE,255
201801,18-Jan,201801,DUNGA,267
201801,18-Jan,201801,CHIGA,456
201801,18-Jan,201801,AWASI MISSION,124
201801,18-Jan,201801,JOOTRH,677
201801,18-Jan,201801,KADONGO,279
201801,18-Jan,201801,ST JAIRUS,308
201801,18-Jan,201801,NYANGOMA,167
201801,18-Jan,201801,RATA,140
201801,18-Jan,201801,MAMA PILISTA,213
201801,18-Jan,201801,OBER KAMOTH,155
201801,18-Jan,201801,NYAKONGO,261
201801,18-Jan,201801,SEME,159
201801,18-Jan,201801,KISUMU CENTRAL SUB COUNTY,195
201801,18-Jan,201801,KISUMU EAST SUB COUNTY,110
201802,18-Feb,201802,GITA,211
201802,18-Feb,201802,WANGANGA,348
201802,18-Feb,201802,NYAKACH,350
201802,18-Feb,201802,MUHORONI,256
201802,18-Feb,201802,NYAHERA,235
201802,18-Feb,201802,CHULAIMBO,102
201802,18-Feb,201802,MANYUANDA,258
201802,18-Feb,201802,LUMUMBA,274
201802,18-Feb,201802,SONDU,784
201802,18-Feb,201802,KATITO,539
201802,18-Feb,201802,KCRH,394
201802,18-Feb,201802,KANYAKWAR,377
201802,18-Feb,201802,MIGOSI,602
201802,18-Feb,201802,KANYAGWAR,378
201802,18-Feb,201802,NYANGANDE,180
201802,18-Feb,201802,KOMBEWA,211
201802,18-Feb,201802,ST. ELIZABETH,307
201802,18-Feb,201802,ANGOLA,280
201802,18-Feb,201802,AVENUE,275
201802,18-Feb,201802,RACHAR,216
201802,18-Feb,201802,AHERO,381
201802,18-Feb,201802,BOLO,274
201802,18-Feb,201802,ABISALOM,282
201802,18-Feb,201802,MIRANGA,175
201802,18-Feb,201802,PIVOT,312
201802,18-Feb,201802,HOUSE OF HOPE,314
201802,18-Feb,201802,DUNGA,293
201802,18-Feb,201802,CHIGA,307
201802,18-Feb,201802,AWASI MISSION,149
201802,18-Feb,201802,JOOTRH,586
201802,18-Feb,201802,KADONGO,271
201802,18-Feb,201802,ST JAIRUS,257
201802,18-Feb,201802,NYANGOMA,130
201802,18-Feb,201802,RATA,168
201802,18-Feb,201802,MAMA PILISTA,196
201802,18-Feb,201802,OBER KAMOTH,122
201802,18-Feb,201802,NYAKONGO,212
201802,18-Feb,201802,SEME,930
201802,18-Feb,201802,KISUMU CENTRAL SUB COUNTY,158
201802,18-Feb,201802,KISUMU EAST SUB COUNTY,684
201803,18-Mar,201803,GITA,234
201803,18-Mar,201803,WANGANGA,269
201803,18-Mar,201803,NYAKACH,341
201803,18-Mar,201803,MUHORONI,220
201803,18-Mar,201803,NYAHERA,201
201803,18-Mar,201803,CHULAIMBO,105
201803,18-Mar,201803,MANYUANDA,394
201803,18-Mar,201803,LUMUMBA,198
201803,18-Mar,201803,SONDU,909
201803,18-Mar,201803,KATITO,483
201803,18-Mar,201803,KCRH,340
201803,18-Mar,201803,KANYAKWAR,266
201803,18-Mar,201803,MIGOSI,507
201803,18-Mar,201803,KANYAGWAR,466
201803,18-Mar,201803,NYANGANDE,668
201803,18-Mar,201803,KOMBEWA,418
201803,18-Mar,201803,ST. ELIZABETH,242
201803,18-Mar,201803,ANGOLA,276
201803,18-Mar,201803,AVENUE,849
201803,18-Mar,201803,RACHAR,733
201803,18-Mar,201803,AHERO,672
201803,18-Mar,201803,BOLO,316
201803,18-Mar,201803,ABISALOM,449
201803,18-Mar,201803,MIRANGA,624
201803,18-Mar,201803,PIVOT,167
201803,18-Mar,201803,HOUSE OF HOPE,316
201803,18-Mar,201803,DUNGA,325
201803,18-Mar,201803,CHIGA,219
201803,18-Mar,201803,AWASI MISSION,394
201803,18-Mar,201803,JOOTRH,467
201803,18-Mar,201803,KADONGO,245
201803,18-Mar,201803,ST JAIRUS,221
201803,18-Mar,201803,NYANGOMA,253
201803,18-Mar,201803,RATA,196
201803,18-Mar,201803,MAMA PILISTA,657
201803,18-Mar,201803,OBER KAMOTH,334
201803,18-Mar,201803,NYAKONGO,449
201803,18-Mar,201803,SEME,901
201803,18-Mar,201803,KISUMU CENTRAL SUB COUNTY,732
201803,18-Mar,201803,KISUMU EAST SUB COUNTY,743
201804,18-Apr,201804,GITA,198
201804,18-Apr,201804,WANGANGA,174
201804,18-Apr,201804,NYAKACH,282
201804,18-Apr,201804,MUHORONI,216
201804,18-Apr,201804,NYAHERA,451
201804,18-Apr,201804,CHULAIMBO,164
201804,18-Apr,201804,MANYUANDA,393
201804,18-Apr,201804,LUMUMBA,274
201804,18-Apr,201804,SONDU,154
201804,18-Apr,201804,KATITO,531
201804,18-Apr,201804,KCRH,360
201804,18-Apr,201804,KANYAKWAR,186
201804,18-Apr,201804,MIGOSI,450
201804,18-Apr,201804,KANYAGWAR,485
201804,18-Apr,201804,NYANGANDE,596
201804,18-Apr,201804,KOMBEWA,177
201804,18-Apr,201804,ST. ELIZABETH,236
201804,18-Apr,201804,ANGOLA,347
201804,18-Apr,201804,AVENUE,307
201804,18-Apr,201804,RACHAR,133
201804,18-Apr,201804,BOLO,547
201804,18-Apr,201804,AHERO,373
201804,18-Apr,201804,BOLO,266
201804,18-Apr,201804,ABISALOM,594
201804,18-Apr,201804,MIRANGA,305
201804,18-Apr,201804,PIVOT,219
201804,18-Apr,201804,HOUSE OF HOPE,182
201804,18-Apr,201804,DUNGA,375
201804,18-Apr,201804,CHIGA,645
201804,18-Apr,201804,AWASI MISSION,225
201804,18-Apr,201804,JOOTRH,964
201804,18-Apr,201804,KADONGO,927
201804,18-Apr,201804,ST JAIRUS,809
201804,18-Apr,201804,NYANGOMA,133
201804,18-Apr,201804,RATA,859
201804,18-Apr,201804,MAMA PILISTA,362
201804,18-Apr,201804,OBER KAMOTH,904
201804,18-Apr,201804,NYAKONGO,501
201804,18-Apr,201804,SEME,116
201804,18-Apr,201804,KISUMU CENTRAL SUB COUNTY,358
201804,18-Apr,201804,KISUMU EAST SUB COUNTY,640
201805,18-May,201805,GITA,385
201805,18-May,201805,WANGANGA,751
201805,18-May,201805,NYAKACH,234
201805,18-May,201805,MUHORONI,673
201805,18-May,201805,NYAHERA,978
201805,18-May,201805,CHULAIMBO,394
201805,18-May,201805,MANYUANDA,678
201805,18-May,201805,LUMUMBA,576
201805,18-May,201805,SONDU,904
201805,18-May,201805,KATITO,588
201805,18-May,201805,KCRH,455
201805,18-May,201805,KANYAKWAR,933
201805,18-May,201805,MIGOSI,505
201805,18-May,201805,KANYAGWAR,635
201805,18-May,201805,NYANGANDE,871
201805,18-May,201805,KOMBEWA,236
201805,18-May,201805,ST. ELIZABETH,498
201805,18-May,201805,ANGOLA,369
201805,18-May,201805,AVENUE,334
201805,18-May,201805,RACHAR,988
201805,18-May,201805,AHERO,861
201805,18-May,201805,BOLO,383
201805,18-May,201805,ABISALOM,658
201805,18-May,201805,MIRANGA,465
201805,18-May,201805,PIVOT,860
201805,18-May,201805,HOUSE OF HOPE,209
201805,18-May,201805,DUNGA,366
201805,18-May,201805,CHIGA,230
201805,18-May,201805,AWASI MISSION,805
201805,18-May,201805,JOOTRH,489
201805,18-May,201805,KADONGO,349
201805,18-May,201805,ST JAIRUS,229
201805,18-May,201805,NYANGOMA,280
201805,18-May,201805,RATA,154
201805,18-May,201805,MAMA PILISTA,533
201805,18-May,201805,OBER KAMOTH,230
201805,18-May,201805,NYAKONGO,259
201805,18-May,201805,SEME,195
201805,18-May,201805,KISUMU CENTRAL SUB COUNTY,882
201805,18-May,201805,KISUMU EAST SUB COUNTY,880
201806,18-Jun,201806,GITA,269
201806,18-Jun,201806,WANGANGA,207
201806,18-Jun,201806,NYAKACH,253
201806,18-Jun,201806,MUHORONI,181
201806,18-Jun,201806,NYAHERA,160
201806,18-Jun,201806,CHULAIMBO,174
201806,18-Jun,201806,MANYUANDA,229
201806,18-Jun,201806,LUMUMBA,498
201806,18-Jun,201806,SONDU,825
201806,18-Jun,201806,KATITO,459
201806,18-Jun,201806,KCRH,390
201806,18-Jun,201806,KANYAKWAR,887
201806,18-Jun,201806,MIGOSI,481
201806,18-Jun,201806,KANYAGWAR,983
201806,18-Jun,201806,NYANGANDE,578
201806,18-Jun,201806,KOMBEWA,632
201806,18-Jun,201806,ST. ELIZABETH,347
201806,18-Jun,201806,ANGOLA,626
201806,18-Jun,201806,AVENUE,480
201806,18-Jun,201806,RACHAR,965
201806,18-Jun,201806,AHERO,254
201806,18-Jun,201806,BOLO,258
201806,18-Jun,201806,ABISALOM,646
201806,18-Jun,201806,MIRANGA,384
201806,18-Jun,201806,PIVOT,221
201806,18-Jun,201806,HOUSE OF HOPE,856
201806,18-Jun,201806,DUNGA,642
201806,18-Jun,201806,CHIGA,778
201806,18-Jun,201806,AWASI MISSION,956
201806,18-Jun,201806,JOOTRH,443
201806,18-Jun,201806,KADONGO,233
201806,18-Jun,201806,ST JAIRUS,847
201806,18-Jun,201806,NYANGOMA,742
201806,18-Jun,201806,RATA,104
201806,18-Jun,201806,MAMA PILISTA,446
201806,18-Jun,201806,OBER KAMOTH,549
201806,18-Jun,201806,NYAKONGO,793
201806,18-Jun,201806,SEME,803
201806,18-Jun,201806,KISUMU CENTRAL SUB COUNTY,456
201806,18-Jun,201806,KISUMU EAST SUB COUNTY,781
201807,18-Jul,201807,GITA,250
201807,18-Jul,201807,WANGANGA,995
201807,18-Jul,201807,NYAKACH,399
201807,18-Jul,201807,MUHORONI,997
201807,18-Jul,201807,NYAHERA,932
201807,18-Jul,201807,CHULAIMBO,128
201807,18-Jul,201807,MANYUANDA,867
201807,18-Jul,201807,LUMUMBA,749
201807,18-Jul,201807,SONDU,574
201807,18-Jul,201807,KATITO,563
201807,18-Jul,201807,KCRH,354
201807,18-Jul,201807,KANYAKWAR,998
201807,18-Jul,201807,MIGOSI,879
201807,18-Jul,201807,KANYAGWAR,623
201807,18-Jul,201807,NYANGANDE,247
201807,18-Jul,201807,KOMBEWA,517
201807,18-Jul,201807,ST. ELIZABETH,245
201807,18-Jul,201807,ANGOLA,662
201807,18-Jul,201807,AVENUE,854
201807,18-Jul,201807,RACHAR,678
201807,18-Jul,201807,AHERO,398
201807,18-Jul,201807,BOLO,214
201807,18-Jul,201807,ABISALOM,462
201807,18-Jul,201807,MIRANGA,364
201807,18-Jul,201807,PIVOT,224
201807,18-Jul,201807,HOUSE OF HOPE,204
201807,18-Jul,201807,DUNGA,383
201807,18-Jul,201807,CHIGA,547
201807,18-Jul,201807,AWASI MISSION,969
201807,18-Jul,201807,JOOTRH,282
201807,18-Jul,201807,KADONGO,200
201807,18-Jul,201807,ST JAIRUS,889
201807,18-Jul,201807,NYANGOMA,184
201807,18-Jul,201807,RATA,138
201807,18-Jul,201807,MAMA PILISTA,448
201807,18-Jul,201807,OBER KAMOTH,877
201807,18-Jul,201807,NYAKONGO,753
201807,18-Jul,201807,SEME,722
201807,18-Jul,201807,KISUMU CENTRAL SUB COUNTY,552
201807,18-Jul,201807,KISUMU EAST SUB COUNTY,740
201808,18-Aug,201808,GITA,861
201808,18-Aug,201808,WANGANGA,247
201808,18-Aug,201808,NYAKACH,972
201808,18-Aug,201808,MUHORONI,297
201808,18-Aug,201808,NYAHERA,456
201808,18-Aug,201808,CHULAIMBO,170
201808,18-Aug,201808,MANYUANDA,180
201808,18-Aug,201808,LUMUMBA,222
201808,18-Aug,201808,SONDU,518
201808,18-Aug,201808,KATITO,359
201808,18-Aug,201808,KCRH,994
201808,18-Aug,201808,KANYAKWAR,889
201808,18-Aug,201808,MIGOSI,584
201808,18-Aug,201808,KANYAGWAR,634
201808,18-Aug,201808,NYANGANDE,210
201808,18-Aug,201808,KOMBEWA,623
201808,18-Aug,201808,ST. ELIZABETH,734
201808,18-Aug,201808,ANGOLA,380
201808,18-Aug,201808,AVENUE,326
201808,18-Aug,201808,RACHAR,425
201808,18-Aug,201808,AHERO,685
201808,18-Aug,201808,BOLO,685
201808,18-Aug,201808,ABISALOM,400
201808,18-Aug,201808,MIRANGA,112
201808,18-Aug,201808,PIVOT,261
201808,18-Aug,201808,HOUSE OF HOPE,436
201808,18-Aug,201808,DUNGA,981
201808,18-Aug,201808,CHIGA,346
201808,18-Aug,201808,AWASI MISSION,890
201808,18-Aug,201808,JOOTRH,836
201808,18-Aug,201808,KADONGO,754
201808,18-Aug,201808,ST JAIRUS,210
201808,18-Aug,201808,NYANGOMA,261
201808,18-Aug,201808,RATA,967
201808,18-Aug,201808,MAMA PILISTA,264
201808,18-Aug,201808,OBER KAMOTH,867
201808,18-Aug,201808,NYAKONGO,513
201808,18-Aug,201808,SEME,618
201808,18-Aug,201808,KISUMU CENTRAL SUB COUNTY,332
201808,18-Aug,201808,KISUMU EAST SUB COUNTY,837
201809,18-Sep,201809,GITA,953
201809,18-Sep,201809,WANGANGA,211
201809,18-Sep,201809,NYAKACH,212
201809,18-Sep,201809,MUHORONI,233
201809,18-Sep,201809,NYAHERA,669
201809,18-Sep,201809,CHULAIMBO,299
201809,18-Sep,201809,MANYUANDA,734
201809,18-Sep,201809,LUMUMBA,209
201809,18-Sep,201809,SONDU,563
201809,18-Sep,201809,KATITO,406
201809,18-Sep,201809,KCRH,328
201809,18-Sep,201809,KANYAKWAR,294
201809,18-Sep,201809,MIGOSI,537
201809,18-Sep,201809,KANYAGWAR,609
201809,18-Sep,201809,NYANGANDE,966
201809,18-Sep,201809,KOMBEWA,737
201809,18-Sep,201809,ST. ELIZABETH,299
201809,18-Sep,201809,ANGOLA,888
201809,18-Sep,201809,AVENUE,219
201809,18-Sep,201809,RACHAR,859
201809,18-Sep,201809,AHERO,956
201809,18-Sep,201809,BOLO,797
201809,18-Sep,201809,ABISALOM,961
201809,18-Sep,201809,MIRANGA,392
201809,18-Sep,201809,PIVOT,877
201809,18-Sep,201809,HOUSE OF HOPE,542
201809,18-Sep,201809,DUNGA,691
201809,18-Sep,201809,CHIGA,160
201809,18-Sep,201809,AWASI MISSION,873
201809,18-Sep,201809,JOOTRH,416
201809,18-Sep,201809,KADONGO,750
201809,18-Sep,201809,ST JAIRUS,751
201809,18-Sep,201809,NYANGOMA,817
201809,18-Sep,201809,RATA,985
201809,18-Sep,201809,MAMA PILISTA,617
201809,18-Sep,201809,OBER KAMOTH,861
201809,18-Sep,201809,NYAKONGO,314
201809,18-Sep,201809,SEME,702
201809,18-Sep,201809,KISUMU CENTRAL SUB COUNTY,113
201809,18-Sep,201809,KISUMU EAST SUB COUNTY,948
201810,18-Oct,201810,GITA,257
201810,18-Oct,201810,WANGANGA,712
201810,18-Oct,201810,NYAKACH,957
201810,18-Oct,201810,MUHORONI,228
201810,18-Oct,201810,NYAHERA,772
201810,18-Oct,201810,CHULAIMBO,818
201810,18-Oct,201810,MANYUANDA,832
201810,18-Oct,201810,LUMUMBA,244
201810,18-Oct,201810,SONDU,568
201810,18-Oct,201810,KATITO,635
201810,18-Oct,201810,KCRH,503
201810,18-Oct,201810,KANYAKWAR,473
201810,18-Oct,201810,MIGOSI,774
201810,18-Oct,201810,KANYAGWAR,437
201810,18-Oct,201810,NYANGANDE,399
201810,18-Oct,201810,KOMBEWA,848
201810,18-Oct,201810,ST. ELIZABETH,729
201810,18-Oct,201810,ANGOLA,767
201810,18-Oct,201810,AVENUE,578
201810,18-Oct,201810,RACHAR,271
201810,18-Oct,201810,AHERO,481
201810,18-Oct,201810,BOLO,348
201810,18-Oct,201810,ABISALOM,481
201810,18-Oct,201810,MIRANGA,816
201810,18-Oct,201810,PIVOT,570
201810,18-Oct,201810,HOUSE OF HOPE,551
201810,18-Oct,201810,DUNGA,394
201810,18-Oct,201810,CHIGA,228
201810,18-Oct,201810,AWASI MISSION,626
201810,18-Oct,201810,JOOTRH,477
201810,18-Oct,201810,KADONGO,426
201810,18-Oct,201810,ST JAIRUS,656
201810,18-Oct,201810,NYANGOMA,920
201810,18-Oct,201810,RATA,109
201810,18-Oct,201810,MAMA PILISTA,223
201810,18-Oct,201810,OBER KAMOTH,360
201810,18-Oct,201810,NYAKONGO,546
201810,18-Oct,201810,SEME,498
201810,18-Oct,201810,KISUMU CENTRAL SUB COUNTY,120
201810,18-Oct,201810,KISUMU EAST SUB COUNTY,100
201811,18-Nov,201811,GITA,574
201811,18-Nov,201811,WANGANGA,337
201811,18-Nov,201811,NYAKACH,273
201811,18-Nov,201811,MUHORONI,270
201811,18-Nov,201811,NYAHERA,432
201811,18-Nov,201811,CHULAIMBO,282
201811,18-Nov,201811,MANYUANDA,215
201811,18-Nov,201811,LUMUMBA,782
201811,18-Nov,201811,SONDU,803
201811,18-Nov,201811,KATITO,352
201811,18-Nov,201811,KCRH,618
201811,18-Nov,201811,KANYAKWAR,277
201811,18-Nov,201811,MIGOSI,591
201811,18-Nov,201811,KANYAGWAR,419
201811,18-Nov,201811,NYANGANDE,489
201811,18-Nov,201811,KOMBEWA,230
201811,18-Nov,201811,ST. ELIZABETH,875
201811,18-Nov,201811,ANGOLA,387
201811,18-Nov,201811,AVENUE,373
201811,18-Nov,201811,RACHAR,139
201811,18-Nov,201811,AHERO,342
201811,18-Nov,201811,BOLO,194
201811,18-Nov,201811,ABISALOM,515
201811,18-Nov,201811,MIRANGA,240
201811,18-Nov,201811,PIVOT,215
201811,18-Nov,201811,HOUSE OF HOPE,208
201811,18-Nov,201811,DUNGA,337
201811,18-Nov,201811,CHIGA,169
201811,18-Nov,201811,AWASI MISSION,245
201811,18-Nov,201811,JOOTRH,451
201811,18-Nov,201811,KADONGO,246
201811,18-Nov,201811,ST JAIRUS,280
201811,18-Nov,201811,NYANGOMA,117
201811,18-Nov,201811,RATA,938
201811,18-Nov,201811,MAMA PILISTA,452
201811,18-Nov,201811,OBER KAMOTH,671
201811,18-Nov,201811,NYAKONGO,982
201811,18-Nov,201811,SEME,840
201811,18-Nov,201811,KISUMU CENTRAL SUB COUNTY,141
201811,18-Nov,201811,KISUMU EAST SUB COUNTY,833
201812,18-Dec,201812,GITA,871
201812,18-Dec,201812,WANGANGA,260
201812,18-Dec,201812,NYAKACH,311
201812,18-Dec,201812,MUHORONI,512
201812,18-Dec,201812,NYAHERA,160
201812,18-Dec,201812,CHULAIMBO,132
201812,18-Dec,201812,MANYUANDA,256
201812,18-Dec,201812,LUMUMBA,564
201812,18-Dec,201812,SONDU,841
201812,18-Dec,201812,KATITO,356
201812,18-Dec,201812,KCRH,365
201812,18-Dec,201812,KANYAKWAR,320
201812,18-Dec,201812,MIGOSI,480
201812,18-Dec,201812,KANYAGWAR,439
201812,18-Dec,201812,NYANGANDE,218
201812,18-Dec,201812,KOMBEWA,249
201812,18-Dec,201812,ST. ELIZABETH,642
201812,18-Dec,201812,ANGOLA,984
201812,18-Dec,201812,AVENUE,636
201812,18-Dec,201812,RACHAR,261
201812,18-Dec,201812,AHERO,296
201812,18-Dec,201812,BOLO,207
201812,18-Dec,201812,ABISALOM,522
201812,18-Dec,201812,MIRANGA,641
201812,18-Dec,201812,PIVOT,232
201812,18-Dec,201812,HOUSE OF HOPE,190
201812,18-Dec,201812,DUNGA,302
201812,18-Dec,201812,CHIGA,344
201812,18-Dec,201812,AWASI MISSION,459
201812,18-Dec,201812,JOOTRH,431
201812,18-Dec,201812,KADONGO,671
201812,18-Dec,201812,ST JAIRUS,332
201812,18-Dec,201812,NYANGOMA,183
201812,18-Dec,201812,RATA,792
201812,18-Dec,201812,MAMA PILISTA,430
201812,18-Dec,201812,OBER KAMOTH,234
201812,18-Dec,201812,NYAKONGO,554
201812,18-Dec,201812,SEME,456
201812,18-Dec,201812,KISUMU CENTRAL SUB COUNTY,103
201812,18-Dec,201812,KISUMU EAST SUB COUNTY,509
